/*
SQLyog 企业版 - MySQL GUI v8.14 
MySQL - 5.7.17-log : Database - bos
*********************************************************************
*/

/*!40101 SET NAMES utf8 */;

/*!40101 SET SQL_MODE=''*/;

/*!40014 SET @OLD_UNIQUE_CHECKS=@@UNIQUE_CHECKS, UNIQUE_CHECKS=0 */;
/*!40014 SET @OLD_FOREIGN_KEY_CHECKS=@@FOREIGN_KEY_CHECKS, FOREIGN_KEY_CHECKS=0 */;
/*!40101 SET @OLD_SQL_MODE=@@SQL_MODE, SQL_MODE='NO_AUTO_VALUE_ON_ZERO' */;
/*!40111 SET @OLD_SQL_NOTES=@@SQL_NOTES, SQL_NOTES=0 */;
CREATE DATABASE /*!32312 IF NOT EXISTS*/`bos` /*!40100 DEFAULT CHARACTER SET gbk */;

USE `bos`;

/*Table structure for table `act_ge_bytearray` */

DROP TABLE IF EXISTS `act_ge_bytearray`;

CREATE TABLE `act_ge_bytearray` (
  `ID_` varchar(64) COLLATE utf8_bin NOT NULL,
  `REV_` int(11) DEFAULT NULL,
  `NAME_` varchar(255) COLLATE utf8_bin DEFAULT NULL,
  `DEPLOYMENT_ID_` varchar(64) COLLATE utf8_bin DEFAULT NULL,
  `BYTES_` longblob,
  `GENERATED_` tinyint(4) DEFAULT NULL,
  PRIMARY KEY (`ID_`),
  KEY `ACT_FK_BYTEARR_DEPL` (`DEPLOYMENT_ID_`),
  CONSTRAINT `ACT_FK_BYTEARR_DEPL` FOREIGN KEY (`DEPLOYMENT_ID_`) REFERENCES `act_re_deployment` (`ID_`)
) ENGINE=InnoDB DEFAULT CHARSET=utf8 COLLATE=utf8_bin;

/*Data for the table `act_ge_bytearray` */

insert  into `act_ge_bytearray`(`ID_`,`REV_`,`NAME_`,`DEPLOYMENT_ID_`,`BYTES_`,`GENERATED_`) values ('102',1,'qjlc.png','101','PNG\r\n\Z\n\0\0\0\rIHDR\0\0q\0\0g\0\0\0X\0\08IDATx{cgapY5KHqQfRX-\".ha$Z:P\n騢0ꏢjoF#)I$af,1&k3mzϣW+>>3s>k{F\0\0\0b\0\0\0\0\0\0i*\0\0x\n\0\0 \0\0\0\0\0i*\0\0x\n\0\0 \0\0\0\0\0i*\0\0x\n\0\0 \0\0\0\0\0i*\0\0x\n\0\0 \0\0\0\0\0i*\0\0x\n\0\0 \0\0\0\0\0i*\0\0x\n\0\0 \0\0\0\0\0i*\0\0x\n\0\0 \0\0\0\0\0i*\0\0x\n\0\0 \0\0\0\0\0i*\0\0x\n\0\0 \0\0\0\0\0i*\0\0x\n\0\0 \0\0\0\0\0i*\0\0x\n\0\0 \0\0\0\0\0i*\0\0x\n\0\0 \0\0\0\0\0i*\0\0x\n\0\0 \0\0\0\0\0i*\0\0x\n\0\0 \0\0\0\0\0i*\0\0x\n\0\0 \0\0\0\0\0i*\0\0x\n\0\0 \0\0\0\0\0i*\0\0x\n\0\0 \0\0\0\0\0i*\0\0x\n\0\0 \0\0\0\0\0i*\0\0x\n\0\0 \0\0\0\0\0i*\0\0x\n\0\0 \0\0\0\0\0i*\0\0x\n\0\0 \0\0\0\0\0i*\0\0x\n\0\0 \0\0\0\0\0i*\0\0x\n\0\0 \0\0\0\0\0i*\0\0x\n\0\0 \0\0\0\0\0i*\0\0x\n\0\0 \0\0\0\0\0i*\0\0x\n\0\0 \0\0\0\0\0i*\0\0x\n\0\0 \0\0\0D٬jrX,WT*UFf`i*A077Z\"ՕW^ywбṇ.5	e`i*lk4\ZJe߾}<c㏅\n_7\0KSdX|>+pl娱ٸW_xz=`T\0VTZAk/\\\0&MUsss]rilgG?rH{04@&58|G{RڛA\02ZV*tƻ~kP/ɴ7\0FSdRT:p՗0I\"w%䎣ɭO_=ǒm&77I}.SϛTm|ڛA\02)}+Ǐ$9r2yx$pq顕䁣%fr߼VՑ!<k׮7\0FSdݻ⡕#d3\'\'N5yޛI䩕ɕ$rg=\rkȤV=G\'O<;4\Z|gxnWN&ZumwP\rM@ٵ\0dR3N5ՉgG\'+Ir32=;z5\09LjuS&?<\\r;syK^זSMumwZ\02E}ddT=\\[{+w䙣x-k;TCSsv-\0uF;BV=X+7Uw7~ѣ#f$T\r7߲C54\0=gIkν޵to;]{q7݅;|xMm4\0î ZM}pd~=Ysǡ\Z\nkȤVS=at;4\0=gIFCSsv-\0jǌnZ\02T\ZM@ٵ\0dR1\nkȤVS-M@ٵ\0dT\0	Lj5Ɔv	}ع~`ص\0dRh\'̚+7zq۬+W_,jqCSsv-\0J\Zk6[s_7]KN{0hZ\02Uv5:w}]cmx5Wvn\ntEH{0hZ\02Ut5:wY~kfk[?f7)l`ص\0dR+*~e;6_}Oguks_7\0Ʈ Rl-nY{jZL[Oص\0dR+-ew5^^-/BڛAcIdDi]\\مzɛ]qmOo\Zn`ص\0dR+-X5klo\r~%o\r/wv5M@ٵ\0dR(=V};z[,m濮=7\0Ʈ ZEq(b$N^f7XuulWu\rXv~ڛAcIvh*\0zή ZMuT\0]@&i*M@kȤ\'Oct;4\0=gIT\0]@&jvh*\0zή ZMۡ\09Lڵk׳~䷍Z\02ittvFWCSsv-\0466s3\'oYJ.K{0h4@&MMMMN?J\'+JڛA\02^rozy.cTzlȪPioC\0ȪL43wX={7#\0\0lXX$z,/_˽ѸaV\\.733h4ڎ\0dȰ|$Y46!B|a={Yނ\0\0Mm!$In7֏OrlrBPVʦ`@h*=09Y)^Irh4Vry_TZT399Ywl084T~{Ϟ׌02{CV}1FGGz\00\n`(x%NU!Lf4\0\n5==}%7~ÅW*ӯT*i\0ES__])__ysfYVB._^#\0/zыV޽o---0:\0$±k_vPz6;;z\rFў~}llV:\0FS׼^zi8O{u\\\\nOn!\0J;$dYӞ~=U+ӯM08a}X	e8\\N{QVkO6A\0|3b4z{T*6`T\0`zzX,e~Ӟ~=nP0:T\0h4D+VӯONNW^T\0T(L!FGGM0H4@VTfˢ!Bb&@i*L妕˴z>99ٞ~3\0\02=at+Bϴrr_\"M%|~~~>GGGß>	!\n 3fffL>\ZFй\\=zګi*h6ry||	BS;Rinn.`\nΆZ\\\\L{EHYNkOn\0Kh::ӯW*ӯ	MЏBGTilVBe.MwMvo<_H/333B<ol_g1s\0}\n_4\"\\\\޳gT\0}^\nW5*U+ӯ\n }|ބVVr	s4@_,Cӯ`\'h*Ԅ*J&L,hO\nzKScqq1Φ\"듓	MZHKј\Z\0gHSU	_JRX_\0ΞpZ,MN듓y,^T\0gI{tjZ(LMp6LOOE\"ӯ?ii*h4D+	ߺ333kZګп4ZZZr<J-,,eӯlFS3HӯK{u\0o3xjXi\0p3T\'&&Lh*\n|~~~>l_3YIS̌	NJeϞ=\0fY.Ѥg_3%0<42a:177מ~}jj;T\0gdvv6b+}\'d(W~`\n KakZX,r?/T\01qa8FM@f,--_w.l`h*-..0ⴧ_rB`T\0ݙ	ǂf3PTFGG\'\'\'@\0lu婩sssi@M-zP(̤\"0BP\nqu_o6)g?V&\\SV8|>otiz=zRYXX):jt̌7h*ؿX44MjP(_߉?mM6::\Z\Zk\0MQRɄ鐖^M\nR\'\\u_}[sKT\0[\\\\,\n[\ZR\Zfff&Zv&Z^^^ԇ?:tlfǟ}.t7|XMSl /%2??_.CLNNn6u޽{wnVR^9IkjMY}cw׮]g׽TfaÞX,\rWT*UU-IK{ѡ?_e~NL^9/oy[ּP}˷YSǕWPSWlSm=b3]W^y׷pe8Gx+p.,|MBYqN8B\nYktȄZ֞~}zz]Pg3?3_|L\'*\"޽rS\"MaXT[9f=X(gM{tl;N8\roԧ>վCz\\k:K9\"5!±f^}#7FbQBF5___7%	5cccgTݪr>\'h*RSTZAk/\\,}\\H{ExG:oOկ~K_75Uk׮|\'M#\0z\0tw񦱝\"6\nnrrTX|޷o߾=]t//\'A_bwޝRHA}gG~w/׻L՛Tq%ϧD4i*RPV+g:]cY}\Z_7io211Q.Y-q:o^6>^grJW}x\'{WoM8zU_CO|,frs30Ievp!ϧԞ%\'	Ԟ0l]0{5q_o/P(D4i*RG#\'ɑSǓ\'%$ɟG^K$Mx.7\'_8|]vRRꢋ.W:ìZX8U>Cbll=W7}>::ҤHٜݿT*Dkj }Biݏ?FϜH8OO+yo~_~\'ǓV\'WVS{.-Zg<1a:,אG~@Rvj*ԁW]w^}\\.)\nj5V=G\'O<;#|gxԱXn51AqYl63Px~ߡC;TD4y	Hb8:)$pM]V_gjc$NVѣ.9gdd{~wk;Tc*.LC+˵[w߽Mk.Mx	HTzW/h2ef[]Tg?ĳO\'>z=s^TSr51l͂۬\rAx7ᅢ<m3{	Mǐ&\'\'_sϞLlzoYz޷uW}_\\><soXe}jUSmTϪ/(ү#]T*	͞7շ!C13|)ƛrzOkas:\n!ZI~t,y镛};fh3yhꆛoYsߡ\ZT	fU2Sh@jgeAϛꓗ_^x\\Ni\ZC^y<:!2!5]T|Ew~[ZZX\\ҍsӝo=8ou>OW6jGm?ȪC---u>#mb^` DC255u&[?T*j\'W}#{yϚ;66̪N$1{휜*crWw$`8LuTOݎoZU<xK޼vd|÷~Kڋl=7h&Ns:DjݎnAuWfy\'bMVb`{v|{ƛ:oRVC~3;;[*zTtOqZM0g}9Yь>򑏼կ^Wo}[ۗ˙O^:OyC>v{OqZMԦ\"dꠒU@ǯʯJ׿hBо2.7{|;G:/AaQ=	[yև<ءj/paa!\'-zvdSpY>ڇM<!W׼OJO\0⇗KPx1(6hZmO^~dOyZmZMlt;T[|tl6)Es:~AuWYYC^Ç>|>C~,7xGCLѦȴs=]_WM5M7@ֳmU/yKT\nPhaȪ?\\niiifggWݻwא5oOKW*`ev^dw珦D,^w</~~i[as5G[oYۤ ޴f6JVP	j*4U}߾}\\pfB+PVǿuS?7K>CۡYW	i?e۟=qnG^٢~c7[}冷cuH{vao퟇j:mP*Z-\"嗾+&\0[=j^xfT.MJCLǗ~Fx\'vtqW밝,!+wk!?9眳f	/x_X,+|>DΆyLZUT^F2pi$˭PN4UOy|+;RK!?>r.Xo[O]-j\\l6\\-uN{vaoŐU=i7mVm	$D[zl6kZPhk^gFGGǩe-vTWOh4;G{οnG^d㛭ܹf7^s_p=ʚ\")nӮl\rl/mfSCM@_!ZU*է%݉qÍ7]xi?k׮5Ҫt;sYsMBX~ڠm0^l?oI%3hY7==6Uh.nZnجR6kͮ٬6l5c\rjS%[~tlUnxުY%``5533\0l,Kh,`Gj߾}sssi?miE?VO]7AʍlӻG?-ۯCڛgfA՞o*Alv&I_}^~3h}kGxp]Ω8Yvtվ|ly/gcuH{YueaPڷo_T0Hj{tB\0`ai?jEݎνX7Xu-76/oX~t;e<TJPrJl{@V!Zj6;qp@y{ݎν6\\Oe㿮fk.o}f\nvІYŉ}Y&;/}Ki? |X,J.\0d ZK/77աOPϟ~lqW_X.=cuEH{Yio}wfggBZM\0	?ؙ$Ȣ?DCs%\\à\n{\rGi?.>1Mts:cGfRʯ$Ȯ?D7F/d;t(՝VSkt;jߡ)\n[+\'&&rC~jvTs%WP4jI)Slrjzz[\0C~{Í7GBe1VS<yJUhJɳ:2I:00߄}I8d><}$\"Fc*9]VmpM	VO90uofh.ȅFL_W\Z(^xZ2TYy-`\\[@\ZC><11{߹䒐L\'\\y{綾\\vT1CTFYwbV(wh=\rbqlSٜT*{]spMZ60=ߵk׳~䷍p6UYTry`~Rr\nxCzFFGGk\'Omt5d}vjBԫuX^^/&9|Wr\\ڛ.M!!ZO>>*χ:E5\Z$333i٣HSl~RG,΍=~:\"z={ӳ[O&wһ}fff\0VI\"04Nc;kW.B>K{E fggs\\Rq)`i*l6w,,[al=hܐFXFcll,T~+Y2??_,K_\04ipl,\ZT!>翐\Z|O.i-..\n?/&IhT$In7֏Or\Z\01˅o˴WT^T*|ޯwHYٜoVzy$9h4\Z]mT*io᲼\\,M\rk4\Z\\.WV^oFFv~y|qȪ7ː\n?>>^.\rI\'}ʩi?\0T\0j|/3:\0[T\0AU(B\\\">INKSlhpX#O|>`4iLOOE[[\\\\,i@h*[XXràR)&\0h\"K㣣N9MSt!4ؘ9\0۸=I!MН|>NȮfٙ$+\0gNSt^\nOU$nMlW*OVrMkKT\0jPXZZJ{E`+bT*^	\n,..2g\Z)|\nAet\0Ti<^W*|>/vB7UH]P\\Z.\0CASB>!+l6ۧ\noFSrXJ{E:SN$,T\0799Y*rvj)| \n`G\nŴWA6??r^O{]\0)KKK!N^l\0T\0;lV*q+zT*\rh*733S(|:3|tt)\08}hF=Iz4YKd+B4$>A\nП4Y555U,yvT$g\nlkпfggs\\R\0OS (\nWX,JmT\0(>EbHT&IMZV(#1zR13$@Fi*\n!^Rh4&&&r\\ZM{]\0\0l6ɲGSNMOO\0\0LXi;s)M0\04@YXXsssi;VO9et\0Kۿ+BKV.	0`4@?\nMU,}0l0,..[T\0}j~~>-,,\"īR);\0T\0kyyX,̤\"t-lQx\n5ph^.MF=I\n jZ>_ZZJ{EJ$\Z`xh*lAU(B\\\"lZ\'I7T\0r8jH_rJ)\0ȘbχmQ*|,`i*YXXrNbHT\0\n \ZF8߿+2tzR&IMSdXh1\"<11j@T\0677^Al6ۧ6A\0kh*̫BafW=9唯\'\0T\0lW*(sN\\N{VO9eE\0\0GZ-\nKKK^zȫ^*oę!Jz@T\0ky_>׿^Y\\\\,5\0ISO}S#?\rox6ئz^*SNM08wXT/~^nyyy|||tt)\0\0GѨT*{r]tsu>̈́X{5&i*ASC*z;922׽.;f3ISNp&4,JiEVI͋T\0ljr\\,C0W 4d\'Y\0\\hTW^yu_ߡCVVs4@طo>pl嘱z<cgyy9\rT\0*/[9jl6^xa^O{s04@U*VP=gl=ڋ.7\0ISdܾ}o\Zя\\~\'h\0 MIfstt+ǟ53޽`h*LVJe3l5Tfrr2MT\0T*\\}?LH]I}4hrW}k=ugkKᆻ>0&q|>`h*Lrw}#122r8IL:<y,y&I/>>-\\\\zh%yhsIw<7hUud#Oڵ+MT\0{ǟxh̉St?r\'x<}<yj%yr%i$ɵj9sOw0xZ\02EOwF&NF3\'>>uەɱVktk;TCSsv-\0SMu\"yJ;z4w##猌z_}}jh*\0zή Z]Tg?ĳO\'>z=s^TSr5\09LjuQ3_=<<>c%ֽ߲o^ݯ~$9|4y;ްp˚T\0]@&68~GNUO$?:<Mw|hH3y<q4	UuͷP\rM@ٵ\0dҚ.*;sw--,.xpCuysow{+{{SoMkȤVS=z|Cن{{qZ\02TOM@ٵ\0dҩ:T\0]@&1ۡ\09Lj5գFCSsv-\0jGnZ\02TFCSsv-\04\0}® ZMÝ뗼cuze{R4MkȤ\'N<Cc?P:6CO-MkȤV~<e=Vlu]؉\'`ص\0dR:l\\n_8lxU\rvY<7\0Ʈ Z@f]}}Oh;n~=c\04v-\0\n|l\r_svuyz^4MkȤk_r:]W\nkȤV~|?e/=/;io:\0]@&ʏbkڹiwm5Kع\'`ص\0dR+?h/Տx;;pQ=io:\0]@&{=ŮY+\\XՓ\'`ص\0dR:v^m|Fjku`ص\0dR:3\nkȤVSkt;4\0=gIJS\'Z\02)ɓM@ٵ\0dRkt;4\0=gIZ2\nkȤVS}vh*\0zή v쳷<m\09L\Z<yT\0]@&[wt\0\ZMISSSOR5J`h*Lܛmz2(=;;`h*Nc;kW.\0@\n fK;ܛ\Zh\0 MaKKKKKIhl6BPBڛ\0maa!dԟ$1;\\nt~P\0,MyfsrR,ZkhwR.\0d\n`@W*gkFٽ!,\0>M\0\0OS\0\0T\0\0\04\0\0@<M\0\0OS\0\0T\0\0\04\0\0@<M\0\0OS\0\0T\0\0\04\0\0@<M\0\0OS\0\0T\0\0\04\0\0@<M\0\0OS\0\0T\0\0\04\0\0@<M\0\0OS\0\0T\0\0\04\0\0@<M\0\0OS\0\0T\0\0\04\0\0@<M\0\0OS\0\0T\0\0\04\0\0@<M\0\0OS\0\0T\0\0\04\0\0@<M\0\0OS\0\0T\0\0\04\0\0@<M\0\0OS\0\0T\0\0\04\0\0@<M\0\0OS\0\0T\0\0\04\0\0@<M\0\0OS\0\0T\0\0\04\0\0@<M\0\0OS\0\0T\0\0\04\0\0@<M\0\0OS\0\0T\0\0\04\0\0@<M\0\0OS\0\0T\0\0\04\0\0@<M\0\0OS\0\0T\0\0\04\0\0@<M\0\0OS\0\0T\0\0\04\0\0@<M\0\0OS\0\0T\0\0\04\0\0@<M\0\0OS\0\0T\0\0\04\0\0@<M\0\0OS\0\0T\0\0\04\0\0@<M\0\0OS\0\0T\0\0\04\0\0@<M\0\0OS\0\0T\0\0\04\0\0@<M\0\0OS\0\0T\0\0\04\0\0@<M\0\0OS\0\0T\0\0\04\0\0@<M\0\0OS\0\0T\0\0\04\0\0@<M\0\0OS\0\0T\0\0\04\0\0@<M\0\0OS\0\0T\0\0\04\0\0@<M\0\0OS\0\0T\0\0\04\0\0@<M\0\0OS\0\0T\0\0\04\0\0@<M\0\0OS\0\0T\0\0\04\0\0@<M\0\0OS\0\0T\0\0\04\0\0@<M\0\0OS\0\0T\0\0\04\0\0@<M\0\0OS\0\0T\0\0\04\0\0@<M\0\0OS\0\0T\0\0\04\0\0@<M\0\0OS\0\0T\0\0\04\0\0@<M\0\0OS\0\0T\0\0\04\0\0@<M\0\0OS\0\0T\0\0\04\0\0@<M\0\0OS\0\0T\0\0\04\0\0@<M\0\0OS\0\0T\0\0\04\0\0@<M\0\0OS\0\0T\0\0\04\0\0@<M\0\0OS\0\0T\0\0\04\0\0@<M\0\0OS\0\0T\0\0\04\0\0@<M\0\0OS\0\0T\0\0\04\0\0@<M\0\0OS\0\0T\0\0\04\0\0@<M\0\0OS\0\0T\0\0\04\0\0@<M\0\0OS\0\0T\0\0\04\0\0@<M\0\0OS\0\0T\0\0\04\0\0@<M\0\0OS\0\0T\0\0\04\0\0@<M\0\0OS\0\0T\0\0\04\0\0@<M\0\0OS\0\0T\0\0\04\0\0@<M\0\0OS\0\0T\0\0\04\0\0@<M\0\0OS\0\0T\0\0\04\0\0@<M\0\0OS\0\0T\0\0\04\0\0@<M\0\0OS\0\0T\0\0\04\0\0@<M\0\0OS\0\0T\0\0\04\0\0@<M\0\0OS\0\0T\0\0\04\0\0@<M\0\0OS\0\0S!6Ke\0\0\0\0IENDB`',0),('103',1,'qjlc.bpmn','101','<?xml version=\"1.0\" encoding=\"UTF-8\"?>\n<definitions xmlns=\"http://www.omg.org/spec/BPMN/20100524/MODEL\" xmlns:xsi=\"http://www.w3.org/2001/XMLSchema-instance\" xmlns:activiti=\"http://activiti.org/bpmn\" xmlns:bpmndi=\"http://www.omg.org/spec/BPMN/20100524/DI\" xmlns:omgdc=\"http://www.omg.org/spec/DD/20100524/DC\" xmlns:omgdi=\"http://www.omg.org/spec/DD/20100524/DI\" typeLanguage=\"http://www.w3.org/2001/XMLSchema\" expressionLanguage=\"http://www.w3.org/1999/XPath\" targetNamespace=\"http://www.activiti.org/test\">\n  <process id=\"qjlc\" name=\"请假流程\" isExecutable=\"true\">\n    <startEvent id=\"startevent1\" name=\"Start\"></startEvent>\n    <userTask id=\"usertask1\" name=\"提交请假申请\" activiti:assignee=\"张三\"></userTask>\n    <userTask id=\"usertask2\" name=\"项目经理审批\" activiti:assignee=\"李四\"></userTask>\n    <userTask id=\"usertask3\" name=\"总监审批\" activiti:assignee=\"王五\"></userTask>\n    <sequenceFlow id=\"flow1\" sourceRef=\"startevent1\" targetRef=\"usertask1\"></sequenceFlow>\n    <exclusiveGateway id=\"exclusivegateway1\" name=\"Exclusive Gateway\"></exclusiveGateway>\n    <sequenceFlow id=\"flow4\" sourceRef=\"usertask1\" targetRef=\"exclusivegateway1\"></sequenceFlow>\n    <sequenceFlow id=\"flow5\" sourceRef=\"exclusivegateway1\" targetRef=\"usertask2\">\n      <conditionExpression xsi:type=\"tFormalExpression\"><![CDATA[${qjts<3}]]></conditionExpression>\n    </sequenceFlow>\n    <sequenceFlow id=\"flow6\" sourceRef=\"exclusivegateway1\" targetRef=\"usertask3\">\n      <conditionExpression xsi:type=\"tFormalExpression\"><![CDATA[${qjts>=3}]]></conditionExpression>\n    </sequenceFlow>\n    <endEvent id=\"endevent2\" name=\"End\"></endEvent>\n    <sequenceFlow id=\"flow8\" sourceRef=\"usertask3\" targetRef=\"endevent2\"></sequenceFlow>\n    <sequenceFlow id=\"flow9\" sourceRef=\"usertask2\" targetRef=\"endevent2\"></sequenceFlow>\n  </process>\n  <bpmndi:BPMNDiagram id=\"BPMNDiagram_qjlc\">\n    <bpmndi:BPMNPlane bpmnElement=\"qjlc\" id=\"BPMNPlane_qjlc\">\n      <bpmndi:BPMNShape bpmnElement=\"startevent1\" id=\"BPMNShape_startevent1\">\n        <omgdc:Bounds height=\"35.0\" width=\"35.0\" x=\"120.0\" y=\"231.0\"></omgdc:Bounds>\n      </bpmndi:BPMNShape>\n      <bpmndi:BPMNShape bpmnElement=\"usertask1\" id=\"BPMNShape_usertask1\">\n        <omgdc:Bounds height=\"55.0\" width=\"105.0\" x=\"210.0\" y=\"221.0\"></omgdc:Bounds>\n      </bpmndi:BPMNShape>\n      <bpmndi:BPMNShape bpmnElement=\"usertask2\" id=\"BPMNShape_usertask2\">\n        <omgdc:Bounds height=\"55.0\" width=\"105.0\" x=\"490.0\" y=\"110.0\"></omgdc:Bounds>\n      </bpmndi:BPMNShape>\n      <bpmndi:BPMNShape bpmnElement=\"usertask3\" id=\"BPMNShape_usertask3\">\n        <omgdc:Bounds height=\"55.0\" width=\"105.0\" x=\"490.0\" y=\"330.0\"></omgdc:Bounds>\n      </bpmndi:BPMNShape>\n      <bpmndi:BPMNShape bpmnElement=\"exclusivegateway1\" id=\"BPMNShape_exclusivegateway1\">\n        <omgdc:Bounds height=\"40.0\" width=\"40.0\" x=\"380.0\" y=\"228.0\"></omgdc:Bounds>\n      </bpmndi:BPMNShape>\n      <bpmndi:BPMNShape bpmnElement=\"endevent2\" id=\"BPMNShape_endevent2\">\n        <omgdc:Bounds height=\"35.0\" width=\"35.0\" x=\"760.0\" y=\"215.0\"></omgdc:Bounds>\n      </bpmndi:BPMNShape>\n      <bpmndi:BPMNEdge bpmnElement=\"flow1\" id=\"BPMNEdge_flow1\">\n        <omgdi:waypoint x=\"155.0\" y=\"248.0\"></omgdi:waypoint>\n        <omgdi:waypoint x=\"210.0\" y=\"248.0\"></omgdi:waypoint>\n      </bpmndi:BPMNEdge>\n      <bpmndi:BPMNEdge bpmnElement=\"flow4\" id=\"BPMNEdge_flow4\">\n        <omgdi:waypoint x=\"315.0\" y=\"248.0\"></omgdi:waypoint>\n        <omgdi:waypoint x=\"380.0\" y=\"248.0\"></omgdi:waypoint>\n      </bpmndi:BPMNEdge>\n      <bpmndi:BPMNEdge bpmnElement=\"flow5\" id=\"BPMNEdge_flow5\">\n        <omgdi:waypoint x=\"400.0\" y=\"228.0\"></omgdi:waypoint>\n        <omgdi:waypoint x=\"542.0\" y=\"165.0\"></omgdi:waypoint>\n      </bpmndi:BPMNEdge>\n      <bpmndi:BPMNEdge bpmnElement=\"flow6\" id=\"BPMNEdge_flow6\">\n        <omgdi:waypoint x=\"400.0\" y=\"268.0\"></omgdi:waypoint>\n        <omgdi:waypoint x=\"542.0\" y=\"330.0\"></omgdi:waypoint>\n      </bpmndi:BPMNEdge>\n      <bpmndi:BPMNEdge bpmnElement=\"flow8\" id=\"BPMNEdge_flow8\">\n        <omgdi:waypoint x=\"542.0\" y=\"330.0\"></omgdi:waypoint>\n        <omgdi:waypoint x=\"777.0\" y=\"250.0\"></omgdi:waypoint>\n      </bpmndi:BPMNEdge>\n      <bpmndi:BPMNEdge bpmnElement=\"flow9\" id=\"BPMNEdge_flow9\">\n        <omgdi:waypoint x=\"542.0\" y=\"165.0\"></omgdi:waypoint>\n        <omgdi:waypoint x=\"777.0\" y=\"215.0\"></omgdi:waypoint>\n      </bpmndi:BPMNEdge>\n    </bpmndi:BPMNPlane>\n  </bpmndi:BPMNDiagram>\n</definitions>',0),('110',1,'qjlc.png','109','PNG\r\n\Z\n\0\0\0\rIHDR\0\0q\0\0g\0\0\0X\0\08IDATx{cgapY5KHqQfRX-\".ha$Z:P\n騢0ꏢjoF#)I$af,1&k3mzϣW+>>3s>k{F\0\0\0b\0\0\0\0\0\0i*\0\0x\n\0\0 \0\0\0\0\0i*\0\0x\n\0\0 \0\0\0\0\0i*\0\0x\n\0\0 \0\0\0\0\0i*\0\0x\n\0\0 \0\0\0\0\0i*\0\0x\n\0\0 \0\0\0\0\0i*\0\0x\n\0\0 \0\0\0\0\0i*\0\0x\n\0\0 \0\0\0\0\0i*\0\0x\n\0\0 \0\0\0\0\0i*\0\0x\n\0\0 \0\0\0\0\0i*\0\0x\n\0\0 \0\0\0\0\0i*\0\0x\n\0\0 \0\0\0\0\0i*\0\0x\n\0\0 \0\0\0\0\0i*\0\0x\n\0\0 \0\0\0\0\0i*\0\0x\n\0\0 \0\0\0\0\0i*\0\0x\n\0\0 \0\0\0\0\0i*\0\0x\n\0\0 \0\0\0\0\0i*\0\0x\n\0\0 \0\0\0\0\0i*\0\0x\n\0\0 \0\0\0\0\0i*\0\0x\n\0\0 \0\0\0\0\0i*\0\0x\n\0\0 \0\0\0\0\0i*\0\0x\n\0\0 \0\0\0\0\0i*\0\0x\n\0\0 \0\0\0\0\0i*\0\0x\n\0\0 \0\0\0\0\0i*\0\0x\n\0\0 \0\0\0\0\0i*\0\0x\n\0\0 \0\0\0\0\0i*\0\0x\n\0\0 \0\0\0\0\0i*\0\0x\n\0\0 \0\0\0D٬jrX,WT*UFf`i*A077Z\"ՕW^ywбṇ.5	e`i*lk4\ZJe߾}<c㏅\n_7\0KSdX|>+pl娱ٸW_xz=`T\0VTZAk/\\\0&MUsss]rilgG?rH{04@&58|G{RڛA\02ZV*tƻ~kP/ɴ7\0FSdRT:p՗0I\"w%䎣ɭO_=ǒm&77I}.SϛTm|ڛA\02)}+Ǐ$9r2yx$pq顕䁣%fr߼VՑ!<k׮7\0FSdݻ⡕#d3\'\'N5yޛI䩕ɕ$rg=\rkȤV=G\'O<;4\Z|gxnWN&ZumwP\rM@ٵ\0dR3N5ՉgG\'+Ir32=;z5\09LjuS&?<\\r;syK^זSMumwZ\02E}ddT=\\[{+w䙣x-k;TCSsv-\0uF;BV=X+7Uw7~ѣ#f$T\r7߲C54\0=gIkν޵to;]{q7݅;|xMm4\0î ZM}pd~=Ysǡ\Z\nkȤVS=at;4\0=gIFCSsv-\0jǌnZ\02T\ZM@ٵ\0dR1\nkȤVS-M@ٵ\0dT\0	Lj5Ɔv	}ع~`ص\0dRh\'̚+7zq۬+W_,jqCSsv-\0J\Zk6[s_7]KN{0hZ\02Uv5:w}]cmx5Wvn\ntEH{0hZ\02Ut5:wY~kfk[?f7)l`ص\0dR+*~e;6_}Oguks_7\0Ʈ Rl-nY{jZL[Oص\0dR+-ew5^^-/BڛAcIdDi]\\مzɛ]qmOo\Zn`ص\0dR+-X5klo\r~%o\r/wv5M@ٵ\0dR(=V};z[,m濮=7\0Ʈ ZEq(b$N^f7XuulWu\rXv~ڛAcIvh*\0zή ZMuT\0]@&i*M@kȤ\'Oct;4\0=gIT\0]@&jvh*\0zή ZMۡ\09Lڵk׳~䷍Z\02ittvFWCSsv-\0466s3\'oYJ.K{0h4@&MMMMN?J\'+JڛA\02^rozy.cTzlȪPioC\0ȪL43wX={7#\0\0lXX$z,/_˽ѸaV\\.733h4ڎ\0dȰ|$Y46!B|a={Yނ\0\0Mm!$In7֏OrlrBPVʦ`@h*=09Y)^Irh4Vry_TZT399Ywl084T~{Ϟ׌02{CV}1FGGz\00\n`(x%NU!Lf4\0\n5==}%7~ÅW*ӯT*i\0ES__])__ysfYVB._^#\0/zыV޽o---0:\0$±k_vPz6;;z\rFў~}llV:\0FS׼^zi8O{u\\\\nOn!\0J;$dYӞ~=U+ӯM08a}X	e8\\N{QVkO6A\0|3b4z{T*6`T\0`zzX,e~Ӟ~=nP0:T\0h4D+VӯONNW^T\0T(L!FGGM0H4@VTfˢ!Bb&@i*L妕˴z>99ٞ~3\0\02=at+Bϴrr_\"M%|~~~>GGGß>	!\n 3fffL>\ZFй\\=zګi*h6ry||	BS;Rinn.`\nΆZ\\\\L{EHYNkOn\0Kh::ӯW*ӯ	MЏBGTilVBe.MwMvo<_H/333B<ol_g1s\0}\n_4\"\\\\޳gT\0}^\nW5*U+ӯ\n }|ބVVr	s4@_,Cӯ`\'h*Ԅ*J&L,hO\nzKScqq1Φ\"듓	MZHKј\Z\0gHSU	_JRX_\0ΞpZ,MN듓y,^T\0gI{tjZ(LMp6LOOE\"ӯ?ii*h4D+	ߺ333kZګп4ZZZr<J-,,eӯlFS3HӯK{u\0o3xjXi\0p3T\'&&Lh*\n|~~~>l_3YIS̌	NJeϞ=\0fY.Ѥg_3%0<42a:177מ~}jj;T\0gdvv6b+}\'d(W~`\n KakZX,r?/T\01qa8FM@f,--_w.l`h*-..0ⴧ_rB`T\0ݙ	ǂf3PTFGG\'\'\'@\0lu婩sssi@M-zP(̤\"0BP\nqu_o6)g?V&\\SV8|>otiz=zRYXX):jt̌7h*ؿX44MjP(_߉?mM6::\Z\Zk\0MQRɄ鐖^M\nR\'\\u_}[sKT\0[\\\\,\n[\ZR\Zfff&Zv&Z^^^ԇ?:tlfǟ}.t7|XMSl /%2??_.CLNNn6u޽{wnVR^9IkjMY}cw׮]g׽TfaÞX,\rWT*UU-IK{ѡ?_e~NL^9/oy[ּP}˷YSǕWPSWlSm=b3]W^y׷pe8Gx+p.,|MBYqN8B\nYktȄZ֞~}zz]Pg3?3_|L\'*\"޽rS\"MaXT[9f=X(gM{tl;N8\roԧ>վCz\\k:K9\"5!±f^}#7FbQBF5___7%	5cccgTݪr>\'h*RSTZAk/\\,}\\H{ExG:oOկ~K_75Uk׮|\'M#\0z\0tw񦱝\"6\nnrrTX|޷o߾=]t//\'A_bwޝRHA}gG~w/׻L՛Tq%ϧD4i*RPV+g:]cY}\Z_7io211Q.Y-q:o^6>^grJW}x\'{WoM8zU_CO|,frs30Ievp!ϧԞ%\'	Ԟ0l]0{5q_o/P(D4i*RG#\'ɑSǓ\'%$ɟG^K$Mx.7\'_8|]vRRꢋ.W:ìZX8U>Cbll=W7}>::ҤHٜݿT*Dkj }Biݏ?FϜH8OO+yo~_~\'ǓV\'WVS{.-Zg<1a:,אG~@Rvj*ԁW]w^}\\.)\nj5V=G\'O<;#|gxԱXn51AqYl63Px~ߡC;TD4y	Hb8:)$pM]V_gjc$NVѣ.9gdd{~wk;Tc*.LC+˵[w߽Mk.Mx	HTzW/h2ef[]Tg?ĳO\'>z=s^TSr51l͂۬\rAx7ᅢ<m3{	Mǐ&\'\'_sϞLlzoYz޷uW}_\\><soXe}jUSmTϪ/(ү#]T*	͞7շ!C13|)ƛrzOkas:\n!ZI~t,y镛};fh3yhꆛoYsߡ\ZT	fU2Sh@jgeAϛꓗ_^x\\Ni\ZC^y<:!2!5]T|Ew~[ZZX\\ҍsӝo=8ou>OW6jGm?ȪC---u>#mb^` DC255u&[?T*j\'W}#{yϚ;66̪N$1{휜*crWw$`8LuTOݎoZU<xK޼vd|÷~Kڋl=7h&Ns:DjݎnAuWfy\'bMVb`{v|{ƛ:oRVC~3;;[*zTtOqZM0g}9Yь>򑏼կ^Wo}[ۗ˙O^:OyC>v{OqZMԦ\"dꠒU@ǯʯJ׿hBо2.7{|;G:/AaQ=	[yև<ءj/paa!\'-zvdSpY>ڇM<!W׼OJO\0⇗KPx1(6hZmO^~dOyZmZMlt;T[|tl6)Es:~AuWYYC^Ç>|>C~,7xGCLѦȴs=]_WM5M7@ֳmU/yKT\nPhaȪ?\\niiifggWݻwא5oOKW*`ev^dw珦D,^w</~~i[as5G[oYۤ ޴f6JVP	j*4U}߾}\\pfB+PVǿuS?7K>CۡYW	i?e۟=qnG^٢~c7[}冷cuH{vao퟇j:mP*Z-\"嗾+&\0[=j^xfT.MJCLǗ~Fx\'vtqW밝,!+wk!?9眳f	/x_X,+|>DΆyLZUT^F2pi$˭PN4UOy|+;RK!?>r.Xo[O]-j\\l6\\-uN{vaoŐU=i7mVm	$D[zl6kZPhk^gFGGǩe-vTWOh4;G{οnG^d㛭ܹf7^s_p=ʚ\")nӮl\rl/mfSCM@_!ZU*է%݉qÍ7]xi?k׮5Ҫt;sYsMBX~ڠm0^l?oI%3hY7==6Uh.nZnجR6kͮ٬6l5c\rjS%[~tlUnxުY%``5533\0l,Kh,`Gj߾}sssi?miE?VO]7AʍlӻG?-ۯCڛgfA՞o*Alv&I_}^~3h}kGxp]Ω8Yvtվ|ly/gcuH{YueaPڷo_T0Hj{tB\0`ai?jEݎνX7Xu-76/oX~t;e<TJPrJl{@V!Zj6;qp@y{ݎν6\\Oe㿮fk.o}f\nvІYŉ}Y&;/}Ki? |X,J.\0d ZK/77աOPϟ~lqW_X.=cuEH{Yio}wfggBZM\0	?ؙ$Ȣ?DCs%\\à\n{\rGi?.>1Mts:cGfRʯ$Ȯ?D7F/d;t(՝VSkt;jߡ)\n[+\'&&rC~jvTs%WP4jI)Slrjzz[\0C~{Í7GBe1VS<yJUhJɳ:2I:00߄}I8d><}$\"Fc*9]VmpM	VO90uofh.ȅFL_W\Z(^xZ2TYy-`\\[@\ZC><11{߹䒐L\'\\y{綾\\vT1CTFYwbV(wh=\rbqlSٜT*{]spMZ60=ߵk׳~䷍p6UYTry`~Rr\nxCzFFGGk\'Omt5d}vjBԫuX^^/&9|Wr\\ڛ.M!!ZO>>*χ:E5\Z$333i٣HSl~RG,΍=~:\"z={ӳ[O&wһ}fff\0VI\"04Nc;kW.B>K{E fggs\\Rq)`i*l6w,,[al=hܐFXFcll,T~+Y2??_,K_\04ipl,\ZT!>翐\Z|O.i-..\n?/&IhT$In7֏Or\Z\01˅o˴WT^T*|ޯwHYٜoVzy$9h4\Z]mT*io᲼\\,M\rk4\Z\\.WV^oFFv~y|qȪ7ː\n?>>^.\rI\'}ʩi?\0T\0j|/3:\0[T\0AU(B\\\">INKSlhpX#O|>`4iLOOE[[\\\\,i@h*[XXràR)&\0h\"K㣣N9MSt!4ؘ9\0۸=I!MН|>NȮfٙ$+\0gNSt^\nOU$nMlW*OVrMkKT\0jPXZZJ{E`+bT*^	\n,..2g\Z)|\nAet\0Ti<^W*|>/vB7UH]P\\Z.\0CASB>!+l6ۧ\noFSrXJ{E:SN$,T\0799Y*rvj)| \n`G\nŴWA6??r^O{]\0)KKK!N^l\0T\0;lV*q+zT*\rh*733S(|:3|tt)\08}hF=Iz4YKd+B4$>A\nП4Y555U,yvT$g\nlkпfggs\\R\0OS (\nWX,JmT\0(>EbHT&IMZV(#1zR13$@Fi*\n!^Rh4&&&r\\ZM{]\0\0l6ɲGSNMOO\0\0LXi;s)M0\04@YXXsssi;VO9et\0Kۿ+BKV.	0`4@?\nMU,}0l0,..[T\0}j~~>-,,\"īR);\0T\0kyyX,̤\"t-lQx\n5ph^.MF=I\n jZ>_ZZJ{EJ$\Z`xh*lAU(B\\\"lZ\'I7T\0r8jH_rJ)\0ȘbχmQ*|,`i*YXXrNbHT\0\n \ZF8߿+2tzR&IMSdXh1\"<11j@T\0677^Al6ۧ6A\0kh*̫BafW=9唯\'\0T\0lW*(sN\\N{VO9eE\0\0GZ-\nKKK^zȫ^*oę!Jz@T\0ky_>׿^Y\\\\,5\0ISO}S#?\rox6ئz^*SNM08wXT/~^nyyy|||tt)\0\0GѨT*{r]tsu>̈́X{5&i*ASC*z;922׽.;f3ISNp&4,JiEVI͋T\0ljr\\,C0W 4d\'Y\0\\hTW^yu_ߡCVVs4@طo>pl嘱z<cgyy9\rT\0*/[9jl6^xa^O{s04@U*VP=gl=ڋ.7\0ISdܾ}o\Zя\\~\'h\0 MIfstt+ǟ53޽`h*LVJe3l5Tfrr2MT\0T*\\}?LH]I}4hrW}k=ugkKᆻ>0&q|>`h*Lrw}#122r8IL:<y,y&I/>>-\\\\zh%yhsIw<7hUud#Oڵ+MT\0{ǟxh̉St?r\'x<}<yj%yr%i$ɵj9sOw0xZ\02EOwF&NF3\'>>uەɱVktk;TCSsv-\0SMu\"yJ;z4w##猌z_}}jh*\0zή Z]Tg?ĳO\'>z=s^TSr5\09LjuQ3_=<<>c%ֽ߲o^ݯ~$9|4y;ްp˚T\0]@&68~GNUO$?:<Mw|hH3y<q4	UuͷP\rM@ٵ\0dҚ.*;sw--,.xpCuysow{+{{SoMkȤVS=z|Cن{{qZ\02TOM@ٵ\0dҩ:T\0]@&1ۡ\09Lj5գFCSsv-\0jGnZ\02TFCSsv-\04\0}® ZMÝ뗼cuze{R4MkȤ\'N<Cc?P:6CO-MkȤV~<e=Vlu]؉\'`ص\0dR:l\\n_8lxU\rvY<7\0Ʈ Z@f]}}Oh;n~=c\04v-\0\n|l\r_svuyz^4MkȤk_r:]W\nkȤV~|?e/=/;io:\0]@&ʏbkڹiwm5Kع\'`ص\0dR+?h/Տx;;pQ=io:\0]@&{=ŮY+\\XՓ\'`ص\0dR:v^m|Fjku`ص\0dR:3\nkȤVSkt;4\0=gIJS\'Z\02)ɓM@ٵ\0dRkt;4\0=gIZ2\nkȤVS}vh*\0zή v쳷<m\09L\Z<yT\0]@&[wt\0\ZMISSSOR5J`h*Lܛmz2(=;;`h*Nc;kW.\0@\n fK;ܛ\Zh\0 MaKKKKKIhl6BPBڛ\0maa!dԟ$1;\\nt~P\0,MyfsrR,ZkhwR.\0d\n`@W*gkFٽ!,\0>M\0\0OS\0\0T\0\0\04\0\0@<M\0\0OS\0\0T\0\0\04\0\0@<M\0\0OS\0\0T\0\0\04\0\0@<M\0\0OS\0\0T\0\0\04\0\0@<M\0\0OS\0\0T\0\0\04\0\0@<M\0\0OS\0\0T\0\0\04\0\0@<M\0\0OS\0\0T\0\0\04\0\0@<M\0\0OS\0\0T\0\0\04\0\0@<M\0\0OS\0\0T\0\0\04\0\0@<M\0\0OS\0\0T\0\0\04\0\0@<M\0\0OS\0\0T\0\0\04\0\0@<M\0\0OS\0\0T\0\0\04\0\0@<M\0\0OS\0\0T\0\0\04\0\0@<M\0\0OS\0\0T\0\0\04\0\0@<M\0\0OS\0\0T\0\0\04\0\0@<M\0\0OS\0\0T\0\0\04\0\0@<M\0\0OS\0\0T\0\0\04\0\0@<M\0\0OS\0\0T\0\0\04\0\0@<M\0\0OS\0\0T\0\0\04\0\0@<M\0\0OS\0\0T\0\0\04\0\0@<M\0\0OS\0\0T\0\0\04\0\0@<M\0\0OS\0\0T\0\0\04\0\0@<M\0\0OS\0\0T\0\0\04\0\0@<M\0\0OS\0\0T\0\0\04\0\0@<M\0\0OS\0\0T\0\0\04\0\0@<M\0\0OS\0\0T\0\0\04\0\0@<M\0\0OS\0\0T\0\0\04\0\0@<M\0\0OS\0\0T\0\0\04\0\0@<M\0\0OS\0\0T\0\0\04\0\0@<M\0\0OS\0\0T\0\0\04\0\0@<M\0\0OS\0\0T\0\0\04\0\0@<M\0\0OS\0\0T\0\0\04\0\0@<M\0\0OS\0\0T\0\0\04\0\0@<M\0\0OS\0\0T\0\0\04\0\0@<M\0\0OS\0\0T\0\0\04\0\0@<M\0\0OS\0\0T\0\0\04\0\0@<M\0\0OS\0\0T\0\0\04\0\0@<M\0\0OS\0\0T\0\0\04\0\0@<M\0\0OS\0\0T\0\0\04\0\0@<M\0\0OS\0\0T\0\0\04\0\0@<M\0\0OS\0\0T\0\0\04\0\0@<M\0\0OS\0\0T\0\0\04\0\0@<M\0\0OS\0\0T\0\0\04\0\0@<M\0\0OS\0\0T\0\0\04\0\0@<M\0\0OS\0\0T\0\0\04\0\0@<M\0\0OS\0\0T\0\0\04\0\0@<M\0\0OS\0\0T\0\0\04\0\0@<M\0\0OS\0\0T\0\0\04\0\0@<M\0\0OS\0\0T\0\0\04\0\0@<M\0\0OS\0\0T\0\0\04\0\0@<M\0\0OS\0\0T\0\0\04\0\0@<M\0\0OS\0\0T\0\0\04\0\0@<M\0\0OS\0\0T\0\0\04\0\0@<M\0\0OS\0\0T\0\0\04\0\0@<M\0\0OS\0\0T\0\0\04\0\0@<M\0\0OS\0\0T\0\0\04\0\0@<M\0\0OS\0\0T\0\0\04\0\0@<M\0\0OS\0\0S!6Ke\0\0\0\0IENDB`',0),('111',1,'qjlc.bpmn','109','<?xml version=\"1.0\" encoding=\"UTF-8\"?>\n<definitions xmlns=\"http://www.omg.org/spec/BPMN/20100524/MODEL\" xmlns:xsi=\"http://www.w3.org/2001/XMLSchema-instance\" xmlns:activiti=\"http://activiti.org/bpmn\" xmlns:bpmndi=\"http://www.omg.org/spec/BPMN/20100524/DI\" xmlns:omgdc=\"http://www.omg.org/spec/DD/20100524/DC\" xmlns:omgdi=\"http://www.omg.org/spec/DD/20100524/DI\" typeLanguage=\"http://www.w3.org/2001/XMLSchema\" expressionLanguage=\"http://www.w3.org/1999/XPath\" targetNamespace=\"http://www.activiti.org/test\">\n  <process id=\"qjlc\" name=\"请假流程\" isExecutable=\"true\">\n    <startEvent id=\"startevent1\" name=\"Start\"></startEvent>\n    <userTask id=\"usertask1\" name=\"提交请假申请\" activiti:assignee=\"张三\"></userTask>\n    <userTask id=\"usertask2\" name=\"项目经理审批\" activiti:assignee=\"李四\"></userTask>\n    <userTask id=\"usertask3\" name=\"总监审批\" activiti:assignee=\"王五\"></userTask>\n    <sequenceFlow id=\"flow1\" sourceRef=\"startevent1\" targetRef=\"usertask1\"></sequenceFlow>\n    <exclusiveGateway id=\"exclusivegateway1\" name=\"Exclusive Gateway\"></exclusiveGateway>\n    <sequenceFlow id=\"flow4\" sourceRef=\"usertask1\" targetRef=\"exclusivegateway1\"></sequenceFlow>\n    <sequenceFlow id=\"flow5\" sourceRef=\"exclusivegateway1\" targetRef=\"usertask2\">\n      <conditionExpression xsi:type=\"tFormalExpression\"><![CDATA[${qjts<3}]]></conditionExpression>\n    </sequenceFlow>\n    <sequenceFlow id=\"flow6\" sourceRef=\"exclusivegateway1\" targetRef=\"usertask3\">\n      <conditionExpression xsi:type=\"tFormalExpression\"><![CDATA[${qjts>=3}]]></conditionExpression>\n    </sequenceFlow>\n    <endEvent id=\"endevent2\" name=\"End\"></endEvent>\n    <sequenceFlow id=\"flow8\" sourceRef=\"usertask3\" targetRef=\"endevent2\"></sequenceFlow>\n    <sequenceFlow id=\"flow9\" sourceRef=\"usertask2\" targetRef=\"endevent2\"></sequenceFlow>\n  </process>\n  <bpmndi:BPMNDiagram id=\"BPMNDiagram_qjlc\">\n    <bpmndi:BPMNPlane bpmnElement=\"qjlc\" id=\"BPMNPlane_qjlc\">\n      <bpmndi:BPMNShape bpmnElement=\"startevent1\" id=\"BPMNShape_startevent1\">\n        <omgdc:Bounds height=\"35.0\" width=\"35.0\" x=\"120.0\" y=\"231.0\"></omgdc:Bounds>\n      </bpmndi:BPMNShape>\n      <bpmndi:BPMNShape bpmnElement=\"usertask1\" id=\"BPMNShape_usertask1\">\n        <omgdc:Bounds height=\"55.0\" width=\"105.0\" x=\"210.0\" y=\"221.0\"></omgdc:Bounds>\n      </bpmndi:BPMNShape>\n      <bpmndi:BPMNShape bpmnElement=\"usertask2\" id=\"BPMNShape_usertask2\">\n        <omgdc:Bounds height=\"55.0\" width=\"105.0\" x=\"490.0\" y=\"110.0\"></omgdc:Bounds>\n      </bpmndi:BPMNShape>\n      <bpmndi:BPMNShape bpmnElement=\"usertask3\" id=\"BPMNShape_usertask3\">\n        <omgdc:Bounds height=\"55.0\" width=\"105.0\" x=\"490.0\" y=\"330.0\"></omgdc:Bounds>\n      </bpmndi:BPMNShape>\n      <bpmndi:BPMNShape bpmnElement=\"exclusivegateway1\" id=\"BPMNShape_exclusivegateway1\">\n        <omgdc:Bounds height=\"40.0\" width=\"40.0\" x=\"380.0\" y=\"228.0\"></omgdc:Bounds>\n      </bpmndi:BPMNShape>\n      <bpmndi:BPMNShape bpmnElement=\"endevent2\" id=\"BPMNShape_endevent2\">\n        <omgdc:Bounds height=\"35.0\" width=\"35.0\" x=\"760.0\" y=\"215.0\"></omgdc:Bounds>\n      </bpmndi:BPMNShape>\n      <bpmndi:BPMNEdge bpmnElement=\"flow1\" id=\"BPMNEdge_flow1\">\n        <omgdi:waypoint x=\"155.0\" y=\"248.0\"></omgdi:waypoint>\n        <omgdi:waypoint x=\"210.0\" y=\"248.0\"></omgdi:waypoint>\n      </bpmndi:BPMNEdge>\n      <bpmndi:BPMNEdge bpmnElement=\"flow4\" id=\"BPMNEdge_flow4\">\n        <omgdi:waypoint x=\"315.0\" y=\"248.0\"></omgdi:waypoint>\n        <omgdi:waypoint x=\"380.0\" y=\"248.0\"></omgdi:waypoint>\n      </bpmndi:BPMNEdge>\n      <bpmndi:BPMNEdge bpmnElement=\"flow5\" id=\"BPMNEdge_flow5\">\n        <omgdi:waypoint x=\"400.0\" y=\"228.0\"></omgdi:waypoint>\n        <omgdi:waypoint x=\"542.0\" y=\"165.0\"></omgdi:waypoint>\n      </bpmndi:BPMNEdge>\n      <bpmndi:BPMNEdge bpmnElement=\"flow6\" id=\"BPMNEdge_flow6\">\n        <omgdi:waypoint x=\"400.0\" y=\"268.0\"></omgdi:waypoint>\n        <omgdi:waypoint x=\"542.0\" y=\"330.0\"></omgdi:waypoint>\n      </bpmndi:BPMNEdge>\n      <bpmndi:BPMNEdge bpmnElement=\"flow8\" id=\"BPMNEdge_flow8\">\n        <omgdi:waypoint x=\"542.0\" y=\"330.0\"></omgdi:waypoint>\n        <omgdi:waypoint x=\"777.0\" y=\"250.0\"></omgdi:waypoint>\n      </bpmndi:BPMNEdge>\n      <bpmndi:BPMNEdge bpmnElement=\"flow9\" id=\"BPMNEdge_flow9\">\n        <omgdi:waypoint x=\"542.0\" y=\"165.0\"></omgdi:waypoint>\n        <omgdi:waypoint x=\"777.0\" y=\"215.0\"></omgdi:waypoint>\n      </bpmndi:BPMNEdge>\n    </bpmndi:BPMNPlane>\n  </bpmndi:BPMNDiagram>\n</definitions>',0),('114',1,'qjlc.png','113','PNG\r\n\Z\n\0\0\0\rIHDR\0\0q\0\0g\0\0\0X\0\08IDATx{cgapY5KHqQfRX-\".ha$Z:P\n騢0ꏢjoF#)I$af,1&k3mzϣW+>>3s>k{F\0\0\0b\0\0\0\0\0\0i*\0\0x\n\0\0 \0\0\0\0\0i*\0\0x\n\0\0 \0\0\0\0\0i*\0\0x\n\0\0 \0\0\0\0\0i*\0\0x\n\0\0 \0\0\0\0\0i*\0\0x\n\0\0 \0\0\0\0\0i*\0\0x\n\0\0 \0\0\0\0\0i*\0\0x\n\0\0 \0\0\0\0\0i*\0\0x\n\0\0 \0\0\0\0\0i*\0\0x\n\0\0 \0\0\0\0\0i*\0\0x\n\0\0 \0\0\0\0\0i*\0\0x\n\0\0 \0\0\0\0\0i*\0\0x\n\0\0 \0\0\0\0\0i*\0\0x\n\0\0 \0\0\0\0\0i*\0\0x\n\0\0 \0\0\0\0\0i*\0\0x\n\0\0 \0\0\0\0\0i*\0\0x\n\0\0 \0\0\0\0\0i*\0\0x\n\0\0 \0\0\0\0\0i*\0\0x\n\0\0 \0\0\0\0\0i*\0\0x\n\0\0 \0\0\0\0\0i*\0\0x\n\0\0 \0\0\0\0\0i*\0\0x\n\0\0 \0\0\0\0\0i*\0\0x\n\0\0 \0\0\0\0\0i*\0\0x\n\0\0 \0\0\0\0\0i*\0\0x\n\0\0 \0\0\0\0\0i*\0\0x\n\0\0 \0\0\0\0\0i*\0\0x\n\0\0 \0\0\0\0\0i*\0\0x\n\0\0 \0\0\0D٬jrX,WT*UFf`i*A077Z\"ՕW^ywбṇ.5	e`i*lk4\ZJe߾}<c㏅\n_7\0KSdX|>+pl娱ٸW_xz=`T\0VTZAk/\\\0&MUsss]rilgG?rH{04@&58|G{RڛA\02ZV*tƻ~kP/ɴ7\0FSdRT:p՗0I\"w%䎣ɭO_=ǒm&77I}.SϛTm|ڛA\02)}+Ǐ$9r2yx$pq顕䁣%fr߼VՑ!<k׮7\0FSdݻ⡕#d3\'\'N5yޛI䩕ɕ$rg=\rkȤV=G\'O<;4\Z|gxnWN&ZumwP\rM@ٵ\0dR3N5ՉgG\'+Ir32=;z5\09LjuS&?<\\r;syK^זSMumwZ\02E}ddT=\\[{+w䙣x-k;TCSsv-\0uF;BV=X+7Uw7~ѣ#f$T\r7߲C54\0=gIkν޵to;]{q7݅;|xMm4\0î ZM}pd~=Ysǡ\Z\nkȤVS=at;4\0=gIFCSsv-\0jǌnZ\02T\ZM@ٵ\0dR1\nkȤVS-M@ٵ\0dT\0	Lj5Ɔv	}ع~`ص\0dRh\'̚+7zq۬+W_,jqCSsv-\0J\Zk6[s_7]KN{0hZ\02Uv5:w}]cmx5Wvn\ntEH{0hZ\02Ut5:wY~kfk[?f7)l`ص\0dR+*~e;6_}Oguks_7\0Ʈ Rl-nY{jZL[Oص\0dR+-ew5^^-/BڛAcIdDi]\\مzɛ]qmOo\Zn`ص\0dR+-X5klo\r~%o\r/wv5M@ٵ\0dR(=V};z[,m濮=7\0Ʈ ZEq(b$N^f7XuulWu\rXv~ڛAcIvh*\0zή ZMuT\0]@&i*M@kȤ\'Oct;4\0=gIT\0]@&jvh*\0zή ZMۡ\09Lڵk׳~䷍Z\02ittvFWCSsv-\0466s3\'oYJ.K{0h4@&MMMMN?J\'+JڛA\02^rozy.cTzlȪPioC\0ȪL43wX={7#\0\0lXX$z,/_˽ѸaV\\.733h4ڎ\0dȰ|$Y46!B|a={Yނ\0\0Mm!$In7֏OrlrBPVʦ`@h*=09Y)^Irh4Vry_TZT399Ywl084T~{Ϟ׌02{CV}1FGGz\00\n`(x%NU!Lf4\0\n5==}%7~ÅW*ӯT*i\0ES__])__ysfYVB._^#\0/zыV޽o---0:\0$±k_vPz6;;z\rFў~}llV:\0FS׼^zi8O{u\\\\nOn!\0J;$dYӞ~=U+ӯM08a}X	e8\\N{QVkO6A\0|3b4z{T*6`T\0`zzX,e~Ӟ~=nP0:T\0h4D+VӯONNW^T\0T(L!FGGM0H4@VTfˢ!Bb&@i*L妕˴z>99ٞ~3\0\02=at+Bϴrr_\"M%|~~~>GGGß>	!\n 3fffL>\ZFй\\=zګi*h6ry||	BS;Rinn.`\nΆZ\\\\L{EHYNkOn\0Kh::ӯW*ӯ	MЏBGTilVBe.MwMvo<_H/333B<ol_g1s\0}\n_4\"\\\\޳gT\0}^\nW5*U+ӯ\n }|ބVVr	s4@_,Cӯ`\'h*Ԅ*J&L,hO\nzKScqq1Φ\"듓	MZHKј\Z\0gHSU	_JRX_\0ΞpZ,MN듓y,^T\0gI{tjZ(LMp6LOOE\"ӯ?ii*h4D+	ߺ333kZګп4ZZZr<J-,,eӯlFS3HӯK{u\0o3xjXi\0p3T\'&&Lh*\n|~~~>l_3YIS̌	NJeϞ=\0fY.Ѥg_3%0<42a:177מ~}jj;T\0gdvv6b+}\'d(W~`\n KakZX,r?/T\01qa8FM@f,--_w.l`h*-..0ⴧ_rB`T\0ݙ	ǂf3PTFGG\'\'\'@\0lu婩sssi@M-zP(̤\"0BP\nqu_o6)g?V&\\SV8|>otiz=zRYXX):jt̌7h*ؿX44MjP(_߉?mM6::\Z\Zk\0MQRɄ鐖^M\nR\'\\u_}[sKT\0[\\\\,\n[\ZR\Zfff&Zv&Z^^^ԇ?:tlfǟ}.t7|XMSl /%2??_.CLNNn6u޽{wnVR^9IkjMY}cw׮]g׽TfaÞX,\rWT*UU-IK{ѡ?_e~NL^9/oy[ּP}˷YSǕWPSWlSm=b3]W^y׷pe8Gx+p.,|MBYqN8B\nYktȄZ֞~}zz]Pg3?3_|L\'*\"޽rS\"MaXT[9f=X(gM{tl;N8\roԧ>վCz\\k:K9\"5!±f^}#7FbQBF5___7%	5cccgTݪr>\'h*RSTZAk/\\,}\\H{ExG:oOկ~K_75Uk׮|\'M#\0z\0tw񦱝\"6\nnrrTX|޷o߾=]t//\'A_bwޝRHA}gG~w/׻L՛Tq%ϧD4i*RPV+g:]cY}\Z_7io211Q.Y-q:o^6>^grJW}x\'{WoM8zU_CO|,frs30Ievp!ϧԞ%\'	Ԟ0l]0{5q_o/P(D4i*RG#\'ɑSǓ\'%$ɟG^K$Mx.7\'_8|]vRRꢋ.W:ìZX8U>Cbll=W7}>::ҤHٜݿT*Dkj }Biݏ?FϜH8OO+yo~_~\'ǓV\'WVS{.-Zg<1a:,אG~@Rvj*ԁW]w^}\\.)\nj5V=G\'O<;#|gxԱXn51AqYl63Px~ߡC;TD4y	Hb8:)$pM]V_gjc$NVѣ.9gdd{~wk;Tc*.LC+˵[w߽Mk.Mx	HTzW/h2ef[]Tg?ĳO\'>z=s^TSr51l͂۬\rAx7ᅢ<m3{	Mǐ&\'\'_sϞLlzoYz޷uW}_\\><soXe}jUSmTϪ/(ү#]T*	͞7շ!C13|)ƛrzOkas:\n!ZI~t,y镛};fh3yhꆛoYsߡ\ZT	fU2Sh@jgeAϛꓗ_^x\\Ni\ZC^y<:!2!5]T|Ew~[ZZX\\ҍsӝo=8ou>OW6jGm?ȪC---u>#mb^` DC255u&[?T*j\'W}#{yϚ;66̪N$1{휜*crWw$`8LuTOݎoZU<xK޼vd|÷~Kڋl=7h&Ns:DjݎnAuWfy\'bMVb`{v|{ƛ:oRVC~3;;[*zTtOqZM0g}9Yь>򑏼կ^Wo}[ۗ˙O^:OyC>v{OqZMԦ\"dꠒU@ǯʯJ׿hBо2.7{|;G:/AaQ=	[yև<ءj/paa!\'-zvdSpY>ڇM<!W׼OJO\0⇗KPx1(6hZmO^~dOyZmZMlt;T[|tl6)Es:~AuWYYC^Ç>|>C~,7xGCLѦȴs=]_WM5M7@ֳmU/yKT\nPhaȪ?\\niiifggWݻwא5oOKW*`ev^dw珦D,^w</~~i[as5G[oYۤ ޴f6JVP	j*4U}߾}\\pfB+PVǿuS?7K>CۡYW	i?e۟=qnG^٢~c7[}冷cuH{vao퟇j:mP*Z-\"嗾+&\0[=j^xfT.MJCLǗ~Fx\'vtqW밝,!+wk!?9眳f	/x_X,+|>DΆyLZUT^F2pi$˭PN4UOy|+;RK!?>r.Xo[O]-j\\l6\\-uN{vaoŐU=i7mVm	$D[zl6kZPhk^gFGGǩe-vTWOh4;G{οnG^d㛭ܹf7^s_p=ʚ\")nӮl\rl/mfSCM@_!ZU*է%݉qÍ7]xi?k׮5Ҫt;sYsMBX~ڠm0^l?oI%3hY7==6Uh.nZnجR6kͮ٬6l5c\rjS%[~tlUnxުY%``5533\0l,Kh,`Gj߾}sssi?miE?VO]7AʍlӻG?-ۯCڛgfA՞o*Alv&I_}^~3h}kGxp]Ω8Yvtվ|ly/gcuH{YueaPڷo_T0Hj{tB\0`ai?jEݎνX7Xu-76/oX~t;e<TJPrJl{@V!Zj6;qp@y{ݎν6\\Oe㿮fk.o}f\nvІYŉ}Y&;/}Ki? |X,J.\0d ZK/77աOPϟ~lqW_X.=cuEH{Yio}wfggBZM\0	?ؙ$Ȣ?DCs%\\à\n{\rGi?.>1Mts:cGfRʯ$Ȯ?D7F/d;t(՝VSkt;jߡ)\n[+\'&&rC~jvTs%WP4jI)Slrjzz[\0C~{Í7GBe1VS<yJUhJɳ:2I:00߄}I8d><}$\"Fc*9]VmpM	VO90uofh.ȅFL_W\Z(^xZ2TYy-`\\[@\ZC><11{߹䒐L\'\\y{綾\\vT1CTFYwbV(wh=\rbqlSٜT*{]spMZ60=ߵk׳~䷍p6UYTry`~Rr\nxCzFFGGk\'Omt5d}vjBԫuX^^/&9|Wr\\ڛ.M!!ZO>>*χ:E5\Z$333i٣HSl~RG,΍=~:\"z={ӳ[O&wһ}fff\0VI\"04Nc;kW.B>K{E fggs\\Rq)`i*l6w,,[al=hܐFXFcll,T~+Y2??_,K_\04ipl,\ZT!>翐\Z|O.i-..\n?/&IhT$In7֏Or\Z\01˅o˴WT^T*|ޯwHYٜoVzy$9h4\Z]mT*io᲼\\,M\rk4\Z\\.WV^oFFv~y|qȪ7ː\n?>>^.\rI\'}ʩi?\0T\0j|/3:\0[T\0AU(B\\\">INKSlhpX#O|>`4iLOOE[[\\\\,i@h*[XXràR)&\0h\"K㣣N9MSt!4ؘ9\0۸=I!MН|>NȮfٙ$+\0gNSt^\nOU$nMlW*OVrMkKT\0jPXZZJ{E`+bT*^	\n,..2g\Z)|\nAet\0Ti<^W*|>/vB7UH]P\\Z.\0CASB>!+l6ۧ\noFSrXJ{E:SN$,T\0799Y*rvj)| \n`G\nŴWA6??r^O{]\0)KKK!N^l\0T\0;lV*q+zT*\rh*733S(|:3|tt)\08}hF=Iz4YKd+B4$>A\nП4Y555U,yvT$g\nlkпfggs\\R\0OS (\nWX,JmT\0(>EbHT&IMZV(#1zR13$@Fi*\n!^Rh4&&&r\\ZM{]\0\0l6ɲGSNMOO\0\0LXi;s)M0\04@YXXsssi;VO9et\0Kۿ+BKV.	0`4@?\nMU,}0l0,..[T\0}j~~>-,,\"īR);\0T\0kyyX,̤\"t-lQx\n5ph^.MF=I\n jZ>_ZZJ{EJ$\Z`xh*lAU(B\\\"lZ\'I7T\0r8jH_rJ)\0ȘbχmQ*|,`i*YXXrNbHT\0\n \ZF8߿+2tzR&IMSdXh1\"<11j@T\0677^Al6ۧ6A\0kh*̫BafW=9唯\'\0T\0lW*(sN\\N{VO9eE\0\0GZ-\nKKK^zȫ^*oę!Jz@T\0ky_>׿^Y\\\\,5\0ISO}S#?\rox6ئz^*SNM08wXT/~^nyyy|||tt)\0\0GѨT*{r]tsu>̈́X{5&i*ASC*z;922׽.;f3ISNp&4,JiEVI͋T\0ljr\\,C0W 4d\'Y\0\\hTW^yu_ߡCVVs4@طo>pl嘱z<cgyy9\rT\0*/[9jl6^xa^O{s04@U*VP=gl=ڋ.7\0ISdܾ}o\Zя\\~\'h\0 MIfstt+ǟ53޽`h*LVJe3l5Tfrr2MT\0T*\\}?LH]I}4hrW}k=ugkKᆻ>0&q|>`h*Lrw}#122r8IL:<y,y&I/>>-\\\\zh%yhsIw<7hUud#Oڵ+MT\0{ǟxh̉St?r\'x<}<yj%yr%i$ɵj9sOw0xZ\02EOwF&NF3\'>>uەɱVktk;TCSsv-\0SMu\"yJ;z4w##猌z_}}jh*\0zή Z]Tg?ĳO\'>z=s^TSr5\09LjuQ3_=<<>c%ֽ߲o^ݯ~$9|4y;ްp˚T\0]@&68~GNUO$?:<Mw|hH3y<q4	UuͷP\rM@ٵ\0dҚ.*;sw--,.xpCuysow{+{{SoMkȤVS=z|Cن{{qZ\02TOM@ٵ\0dҩ:T\0]@&1ۡ\09Lj5գFCSsv-\0jGnZ\02TFCSsv-\04\0}® ZMÝ뗼cuze{R4MkȤ\'N<Cc?P:6CO-MkȤV~<e=Vlu]؉\'`ص\0dR:l\\n_8lxU\rvY<7\0Ʈ Z@f]}}Oh;n~=c\04v-\0\n|l\r_svuyz^4MkȤk_r:]W\nkȤV~|?e/=/;io:\0]@&ʏbkڹiwm5Kع\'`ص\0dR+?h/Տx;;pQ=io:\0]@&{=ŮY+\\XՓ\'`ص\0dR:v^m|Fjku`ص\0dR:3\nkȤVSkt;4\0=gIJS\'Z\02)ɓM@ٵ\0dRkt;4\0=gIZ2\nkȤVS}vh*\0zή v쳷<m\09L\Z<yT\0]@&[wt\0\ZMISSSOR5J`h*Lܛmz2(=;;`h*Nc;kW.\0@\n fK;ܛ\Zh\0 MaKKKKKIhl6BPBڛ\0maa!dԟ$1;\\nt~P\0,MyfsrR,ZkhwR.\0d\n`@W*gkFٽ!,\0>M\0\0OS\0\0T\0\0\04\0\0@<M\0\0OS\0\0T\0\0\04\0\0@<M\0\0OS\0\0T\0\0\04\0\0@<M\0\0OS\0\0T\0\0\04\0\0@<M\0\0OS\0\0T\0\0\04\0\0@<M\0\0OS\0\0T\0\0\04\0\0@<M\0\0OS\0\0T\0\0\04\0\0@<M\0\0OS\0\0T\0\0\04\0\0@<M\0\0OS\0\0T\0\0\04\0\0@<M\0\0OS\0\0T\0\0\04\0\0@<M\0\0OS\0\0T\0\0\04\0\0@<M\0\0OS\0\0T\0\0\04\0\0@<M\0\0OS\0\0T\0\0\04\0\0@<M\0\0OS\0\0T\0\0\04\0\0@<M\0\0OS\0\0T\0\0\04\0\0@<M\0\0OS\0\0T\0\0\04\0\0@<M\0\0OS\0\0T\0\0\04\0\0@<M\0\0OS\0\0T\0\0\04\0\0@<M\0\0OS\0\0T\0\0\04\0\0@<M\0\0OS\0\0T\0\0\04\0\0@<M\0\0OS\0\0T\0\0\04\0\0@<M\0\0OS\0\0T\0\0\04\0\0@<M\0\0OS\0\0T\0\0\04\0\0@<M\0\0OS\0\0T\0\0\04\0\0@<M\0\0OS\0\0T\0\0\04\0\0@<M\0\0OS\0\0T\0\0\04\0\0@<M\0\0OS\0\0T\0\0\04\0\0@<M\0\0OS\0\0T\0\0\04\0\0@<M\0\0OS\0\0T\0\0\04\0\0@<M\0\0OS\0\0T\0\0\04\0\0@<M\0\0OS\0\0T\0\0\04\0\0@<M\0\0OS\0\0T\0\0\04\0\0@<M\0\0OS\0\0T\0\0\04\0\0@<M\0\0OS\0\0T\0\0\04\0\0@<M\0\0OS\0\0T\0\0\04\0\0@<M\0\0OS\0\0T\0\0\04\0\0@<M\0\0OS\0\0T\0\0\04\0\0@<M\0\0OS\0\0T\0\0\04\0\0@<M\0\0OS\0\0T\0\0\04\0\0@<M\0\0OS\0\0T\0\0\04\0\0@<M\0\0OS\0\0T\0\0\04\0\0@<M\0\0OS\0\0T\0\0\04\0\0@<M\0\0OS\0\0T\0\0\04\0\0@<M\0\0OS\0\0T\0\0\04\0\0@<M\0\0OS\0\0T\0\0\04\0\0@<M\0\0OS\0\0T\0\0\04\0\0@<M\0\0OS\0\0T\0\0\04\0\0@<M\0\0OS\0\0T\0\0\04\0\0@<M\0\0OS\0\0T\0\0\04\0\0@<M\0\0OS\0\0T\0\0\04\0\0@<M\0\0OS\0\0T\0\0\04\0\0@<M\0\0OS\0\0T\0\0\04\0\0@<M\0\0OS\0\0T\0\0\04\0\0@<M\0\0OS\0\0T\0\0\04\0\0@<M\0\0OS\0\0T\0\0\04\0\0@<M\0\0OS\0\0T\0\0\04\0\0@<M\0\0OS\0\0T\0\0\04\0\0@<M\0\0OS\0\0S!6Ke\0\0\0\0IENDB`',0),('115',1,'qjlc.bpmn','113','<?xml version=\"1.0\" encoding=\"UTF-8\"?>\n<definitions xmlns=\"http://www.omg.org/spec/BPMN/20100524/MODEL\" xmlns:xsi=\"http://www.w3.org/2001/XMLSchema-instance\" xmlns:activiti=\"http://activiti.org/bpmn\" xmlns:bpmndi=\"http://www.omg.org/spec/BPMN/20100524/DI\" xmlns:omgdc=\"http://www.omg.org/spec/DD/20100524/DC\" xmlns:omgdi=\"http://www.omg.org/spec/DD/20100524/DI\" typeLanguage=\"http://www.w3.org/2001/XMLSchema\" expressionLanguage=\"http://www.w3.org/1999/XPath\" targetNamespace=\"http://www.activiti.org/test\">\n  <process id=\"qjlc\" name=\"请假流程\" isExecutable=\"true\">\n    <startEvent id=\"startevent1\" name=\"Start\"></startEvent>\n    <userTask id=\"usertask1\" name=\"提交请假申请\" activiti:assignee=\"张三\"></userTask>\n    <userTask id=\"usertask2\" name=\"项目经理审批\" activiti:assignee=\"李四\"></userTask>\n    <userTask id=\"usertask3\" name=\"总监审批\" activiti:assignee=\"王五\"></userTask>\n    <sequenceFlow id=\"flow1\" sourceRef=\"startevent1\" targetRef=\"usertask1\"></sequenceFlow>\n    <exclusiveGateway id=\"exclusivegateway1\" name=\"Exclusive Gateway\"></exclusiveGateway>\n    <sequenceFlow id=\"flow4\" sourceRef=\"usertask1\" targetRef=\"exclusivegateway1\"></sequenceFlow>\n    <sequenceFlow id=\"flow5\" sourceRef=\"exclusivegateway1\" targetRef=\"usertask2\">\n      <conditionExpression xsi:type=\"tFormalExpression\"><![CDATA[${qjts<3}]]></conditionExpression>\n    </sequenceFlow>\n    <sequenceFlow id=\"flow6\" sourceRef=\"exclusivegateway1\" targetRef=\"usertask3\">\n      <conditionExpression xsi:type=\"tFormalExpression\"><![CDATA[${qjts>=3}]]></conditionExpression>\n    </sequenceFlow>\n    <endEvent id=\"endevent2\" name=\"End\"></endEvent>\n    <sequenceFlow id=\"flow8\" sourceRef=\"usertask3\" targetRef=\"endevent2\"></sequenceFlow>\n    <sequenceFlow id=\"flow9\" sourceRef=\"usertask2\" targetRef=\"endevent2\"></sequenceFlow>\n  </process>\n  <bpmndi:BPMNDiagram id=\"BPMNDiagram_qjlc\">\n    <bpmndi:BPMNPlane bpmnElement=\"qjlc\" id=\"BPMNPlane_qjlc\">\n      <bpmndi:BPMNShape bpmnElement=\"startevent1\" id=\"BPMNShape_startevent1\">\n        <omgdc:Bounds height=\"35.0\" width=\"35.0\" x=\"120.0\" y=\"231.0\"></omgdc:Bounds>\n      </bpmndi:BPMNShape>\n      <bpmndi:BPMNShape bpmnElement=\"usertask1\" id=\"BPMNShape_usertask1\">\n        <omgdc:Bounds height=\"55.0\" width=\"105.0\" x=\"210.0\" y=\"221.0\"></omgdc:Bounds>\n      </bpmndi:BPMNShape>\n      <bpmndi:BPMNShape bpmnElement=\"usertask2\" id=\"BPMNShape_usertask2\">\n        <omgdc:Bounds height=\"55.0\" width=\"105.0\" x=\"490.0\" y=\"110.0\"></omgdc:Bounds>\n      </bpmndi:BPMNShape>\n      <bpmndi:BPMNShape bpmnElement=\"usertask3\" id=\"BPMNShape_usertask3\">\n        <omgdc:Bounds height=\"55.0\" width=\"105.0\" x=\"490.0\" y=\"330.0\"></omgdc:Bounds>\n      </bpmndi:BPMNShape>\n      <bpmndi:BPMNShape bpmnElement=\"exclusivegateway1\" id=\"BPMNShape_exclusivegateway1\">\n        <omgdc:Bounds height=\"40.0\" width=\"40.0\" x=\"380.0\" y=\"228.0\"></omgdc:Bounds>\n      </bpmndi:BPMNShape>\n      <bpmndi:BPMNShape bpmnElement=\"endevent2\" id=\"BPMNShape_endevent2\">\n        <omgdc:Bounds height=\"35.0\" width=\"35.0\" x=\"760.0\" y=\"215.0\"></omgdc:Bounds>\n      </bpmndi:BPMNShape>\n      <bpmndi:BPMNEdge bpmnElement=\"flow1\" id=\"BPMNEdge_flow1\">\n        <omgdi:waypoint x=\"155.0\" y=\"248.0\"></omgdi:waypoint>\n        <omgdi:waypoint x=\"210.0\" y=\"248.0\"></omgdi:waypoint>\n      </bpmndi:BPMNEdge>\n      <bpmndi:BPMNEdge bpmnElement=\"flow4\" id=\"BPMNEdge_flow4\">\n        <omgdi:waypoint x=\"315.0\" y=\"248.0\"></omgdi:waypoint>\n        <omgdi:waypoint x=\"380.0\" y=\"248.0\"></omgdi:waypoint>\n      </bpmndi:BPMNEdge>\n      <bpmndi:BPMNEdge bpmnElement=\"flow5\" id=\"BPMNEdge_flow5\">\n        <omgdi:waypoint x=\"400.0\" y=\"228.0\"></omgdi:waypoint>\n        <omgdi:waypoint x=\"542.0\" y=\"165.0\"></omgdi:waypoint>\n      </bpmndi:BPMNEdge>\n      <bpmndi:BPMNEdge bpmnElement=\"flow6\" id=\"BPMNEdge_flow6\">\n        <omgdi:waypoint x=\"400.0\" y=\"268.0\"></omgdi:waypoint>\n        <omgdi:waypoint x=\"542.0\" y=\"330.0\"></omgdi:waypoint>\n      </bpmndi:BPMNEdge>\n      <bpmndi:BPMNEdge bpmnElement=\"flow8\" id=\"BPMNEdge_flow8\">\n        <omgdi:waypoint x=\"542.0\" y=\"330.0\"></omgdi:waypoint>\n        <omgdi:waypoint x=\"777.0\" y=\"250.0\"></omgdi:waypoint>\n      </bpmndi:BPMNEdge>\n      <bpmndi:BPMNEdge bpmnElement=\"flow9\" id=\"BPMNEdge_flow9\">\n        <omgdi:waypoint x=\"542.0\" y=\"165.0\"></omgdi:waypoint>\n        <omgdi:waypoint x=\"777.0\" y=\"215.0\"></omgdi:waypoint>\n      </bpmndi:BPMNEdge>\n    </bpmndi:BPMNPlane>\n  </bpmndi:BPMNDiagram>\n</definitions>',0),('202',1,'transfer2.bpmn','201','<?xml version=\"1.0\" encoding=\"UTF-8\"?>\n<definitions xmlns=\"http://www.omg.org/spec/BPMN/20100524/MODEL\" xmlns:xsi=\"http://www.w3.org/2001/XMLSchema-instance\" xmlns:activiti=\"http://activiti.org/bpmn\" xmlns:bpmndi=\"http://www.omg.org/spec/BPMN/20100524/DI\" xmlns:omgdc=\"http://www.omg.org/spec/DD/20100524/DC\" xmlns:omgdi=\"http://www.omg.org/spec/DD/20100524/DI\" typeLanguage=\"http://www.w3.org/2001/XMLSchema\" expressionLanguage=\"http://www.w3.org/1999/XPath\" targetNamespace=\"http://www.activiti.org/test\">\n  <process id=\"transfer\" name=\"物流配送流程\" isExecutable=\"true\">\n    <startEvent id=\"startevent1\" name=\"Start\"></startEvent>\n    <userTask id=\"checkWorkOrderManage\" name=\"审核工作单\" activiti:candidateGroups=\"业务员\"></userTask>\n    <sequenceFlow id=\"flow1\" sourceRef=\"startevent1\" targetRef=\"checkWorkOrderManage\"></sequenceFlow>\n    <userTask id=\"outStore\" name=\"货物出库\" activiti:candidateGroups=\"仓库管理员\"></userTask>\n    <userTask id=\"transferGoods\" name=\"货物配送\" activiti:candidateGroups=\"取派员\"></userTask>\n    <sequenceFlow id=\"flow3\" sourceRef=\"outStore\" targetRef=\"transferGoods\"></sequenceFlow>\n    <userTask id=\"receive\" name=\"配送签收\" activiti:candidateGroups=\"取派员\"></userTask>\n    <sequenceFlow id=\"flow4\" sourceRef=\"transferGoods\" targetRef=\"receive\"></sequenceFlow>\n    <endEvent id=\"endevent1\" name=\"End\"></endEvent>\n    <sequenceFlow id=\"flow5\" sourceRef=\"receive\" targetRef=\"endevent1\"></sequenceFlow>\n    <exclusiveGateway id=\"checkYesOrNo\" name=\"Exclusive Gateway\"></exclusiveGateway>\n    <sequenceFlow id=\"flow6\" sourceRef=\"checkWorkOrderManage\" targetRef=\"checkYesOrNo\"></sequenceFlow>\n    <sequenceFlow id=\"flow7\" sourceRef=\"checkYesOrNo\" targetRef=\"outStore\">\n      <conditionExpression xsi:type=\"tFormalExpression\"><![CDATA[${check==1}]]></conditionExpression>\n    </sequenceFlow>\n    <sequenceFlow id=\"flow8\" sourceRef=\"checkYesOrNo\" targetRef=\"endevent1\">\n      <conditionExpression xsi:type=\"tFormalExpression\"><![CDATA[${check==0}]]></conditionExpression>\n    </sequenceFlow>\n  </process>\n  <bpmndi:BPMNDiagram id=\"BPMNDiagram_transfer\">\n    <bpmndi:BPMNPlane bpmnElement=\"transfer\" id=\"BPMNPlane_transfer\">\n      <bpmndi:BPMNShape bpmnElement=\"startevent1\" id=\"BPMNShape_startevent1\">\n        <omgdc:Bounds height=\"35.0\" width=\"35.0\" x=\"30.0\" y=\"115.0\"></omgdc:Bounds>\n      </bpmndi:BPMNShape>\n      <bpmndi:BPMNShape bpmnElement=\"checkWorkOrderManage\" id=\"BPMNShape_checkWorkOrderManage\">\n        <omgdc:Bounds height=\"55.0\" width=\"105.0\" x=\"110.0\" y=\"110.0\"></omgdc:Bounds>\n      </bpmndi:BPMNShape>\n      <bpmndi:BPMNShape bpmnElement=\"outStore\" id=\"BPMNShape_outStore\">\n        <omgdc:Bounds height=\"55.0\" width=\"105.0\" x=\"403.0\" y=\"170.0\"></omgdc:Bounds>\n      </bpmndi:BPMNShape>\n      <bpmndi:BPMNShape bpmnElement=\"transferGoods\" id=\"BPMNShape_transferGoods\">\n        <omgdc:Bounds height=\"55.0\" width=\"105.0\" x=\"563.0\" y=\"170.0\"></omgdc:Bounds>\n      </bpmndi:BPMNShape>\n      <bpmndi:BPMNShape bpmnElement=\"receive\" id=\"BPMNShape_receive\">\n        <omgdc:Bounds height=\"55.0\" width=\"105.0\" x=\"723.0\" y=\"170.0\"></omgdc:Bounds>\n      </bpmndi:BPMNShape>\n      <bpmndi:BPMNShape bpmnElement=\"endevent1\" id=\"BPMNShape_endevent1\">\n        <omgdc:Bounds height=\"35.0\" width=\"35.0\" x=\"860.0\" y=\"180.0\"></omgdc:Bounds>\n      </bpmndi:BPMNShape>\n      <bpmndi:BPMNShape bpmnElement=\"checkYesOrNo\" id=\"BPMNShape_checkYesOrNo\">\n        <omgdc:Bounds height=\"40.0\" width=\"40.0\" x=\"250.0\" y=\"117.0\"></omgdc:Bounds>\n      </bpmndi:BPMNShape>\n      <bpmndi:BPMNEdge bpmnElement=\"flow1\" id=\"BPMNEdge_flow1\">\n        <omgdi:waypoint x=\"65.0\" y=\"132.0\"></omgdi:waypoint>\n        <omgdi:waypoint x=\"110.0\" y=\"137.0\"></omgdi:waypoint>\n      </bpmndi:BPMNEdge>\n      <bpmndi:BPMNEdge bpmnElement=\"flow3\" id=\"BPMNEdge_flow3\">\n        <omgdi:waypoint x=\"508.0\" y=\"197.0\"></omgdi:waypoint>\n        <omgdi:waypoint x=\"563.0\" y=\"197.0\"></omgdi:waypoint>\n      </bpmndi:BPMNEdge>\n      <bpmndi:BPMNEdge bpmnElement=\"flow4\" id=\"BPMNEdge_flow4\">\n        <omgdi:waypoint x=\"668.0\" y=\"197.0\"></omgdi:waypoint>\n        <omgdi:waypoint x=\"723.0\" y=\"197.0\"></omgdi:waypoint>\n      </bpmndi:BPMNEdge>\n      <bpmndi:BPMNEdge bpmnElement=\"flow5\" id=\"BPMNEdge_flow5\">\n        <omgdi:waypoint x=\"828.0\" y=\"197.0\"></omgdi:waypoint>\n        <omgdi:waypoint x=\"860.0\" y=\"197.0\"></omgdi:waypoint>\n      </bpmndi:BPMNEdge>\n      <bpmndi:BPMNEdge bpmnElement=\"flow6\" id=\"BPMNEdge_flow6\">\n        <omgdi:waypoint x=\"215.0\" y=\"137.0\"></omgdi:waypoint>\n        <omgdi:waypoint x=\"250.0\" y=\"137.0\"></omgdi:waypoint>\n      </bpmndi:BPMNEdge>\n      <bpmndi:BPMNEdge bpmnElement=\"flow7\" id=\"BPMNEdge_flow7\">\n        <omgdi:waypoint x=\"270.0\" y=\"157.0\"></omgdi:waypoint>\n        <omgdi:waypoint x=\"270.0\" y=\"197.0\"></omgdi:waypoint>\n        <omgdi:waypoint x=\"403.0\" y=\"197.0\"></omgdi:waypoint>\n      </bpmndi:BPMNEdge>\n      <bpmndi:BPMNEdge bpmnElement=\"flow8\" id=\"BPMNEdge_flow8\">\n        <omgdi:waypoint x=\"270.0\" y=\"117.0\"></omgdi:waypoint>\n        <omgdi:waypoint x=\"270.0\" y=\"80.0\"></omgdi:waypoint>\n        <omgdi:waypoint x=\"335.0\" y=\"80.0\"></omgdi:waypoint>\n        <omgdi:waypoint x=\"583.0\" y=\"80.0\"></omgdi:waypoint>\n        <omgdi:waypoint x=\"877.0\" y=\"80.0\"></omgdi:waypoint>\n        <omgdi:waypoint x=\"877.0\" y=\"180.0\"></omgdi:waypoint>\n      </bpmndi:BPMNEdge>\n    </bpmndi:BPMNPlane>\n  </bpmndi:BPMNDiagram>\n</definitions>',0),('203',1,'qjlc.png','201','PNG\r\n\Z\n\0\0\0\rIHDR\0\0q\0\0g\0\0\0X\0\08IDATx{cgapY5KHqQfRX-\".ha$Z:P\n騢0ꏢjoF#)I$af,1&k3mzϣW+>>3s>k{F\0\0\0b\0\0\0\0\0\0i*\0\0x\n\0\0 \0\0\0\0\0i*\0\0x\n\0\0 \0\0\0\0\0i*\0\0x\n\0\0 \0\0\0\0\0i*\0\0x\n\0\0 \0\0\0\0\0i*\0\0x\n\0\0 \0\0\0\0\0i*\0\0x\n\0\0 \0\0\0\0\0i*\0\0x\n\0\0 \0\0\0\0\0i*\0\0x\n\0\0 \0\0\0\0\0i*\0\0x\n\0\0 \0\0\0\0\0i*\0\0x\n\0\0 \0\0\0\0\0i*\0\0x\n\0\0 \0\0\0\0\0i*\0\0x\n\0\0 \0\0\0\0\0i*\0\0x\n\0\0 \0\0\0\0\0i*\0\0x\n\0\0 \0\0\0\0\0i*\0\0x\n\0\0 \0\0\0\0\0i*\0\0x\n\0\0 \0\0\0\0\0i*\0\0x\n\0\0 \0\0\0\0\0i*\0\0x\n\0\0 \0\0\0\0\0i*\0\0x\n\0\0 \0\0\0\0\0i*\0\0x\n\0\0 \0\0\0\0\0i*\0\0x\n\0\0 \0\0\0\0\0i*\0\0x\n\0\0 \0\0\0\0\0i*\0\0x\n\0\0 \0\0\0\0\0i*\0\0x\n\0\0 \0\0\0\0\0i*\0\0x\n\0\0 \0\0\0\0\0i*\0\0x\n\0\0 \0\0\0\0\0i*\0\0x\n\0\0 \0\0\0D٬jrX,WT*UFf`i*A077Z\"ՕW^ywбṇ.5	e`i*lk4\ZJe߾}<c㏅\n_7\0KSdX|>+pl娱ٸW_xz=`T\0VTZAk/\\\0&MUsss]rilgG?rH{04@&58|G{RڛA\02ZV*tƻ~kP/ɴ7\0FSdRT:p՗0I\"w%䎣ɭO_=ǒm&77I}.SϛTm|ڛA\02)}+Ǐ$9r2yx$pq顕䁣%fr߼VՑ!<k׮7\0FSdݻ⡕#d3\'\'N5yޛI䩕ɕ$rg=\rkȤV=G\'O<;4\Z|gxnWN&ZumwP\rM@ٵ\0dR3N5ՉgG\'+Ir32=;z5\09LjuS&?<\\r;syK^זSMumwZ\02E}ddT=\\[{+w䙣x-k;TCSsv-\0uF;BV=X+7Uw7~ѣ#f$T\r7߲C54\0=gIkν޵to;]{q7݅;|xMm4\0î ZM}pd~=Ysǡ\Z\nkȤVS=at;4\0=gIFCSsv-\0jǌnZ\02T\ZM@ٵ\0dR1\nkȤVS-M@ٵ\0dT\0	Lj5Ɔv	}ع~`ص\0dRh\'̚+7zq۬+W_,jqCSsv-\0J\Zk6[s_7]KN{0hZ\02Uv5:w}]cmx5Wvn\ntEH{0hZ\02Ut5:wY~kfk[?f7)l`ص\0dR+*~e;6_}Oguks_7\0Ʈ Rl-nY{jZL[Oص\0dR+-ew5^^-/BڛAcIdDi]\\مzɛ]qmOo\Zn`ص\0dR+-X5klo\r~%o\r/wv5M@ٵ\0dR(=V};z[,m濮=7\0Ʈ ZEq(b$N^f7XuulWu\rXv~ڛAcIvh*\0zή ZMuT\0]@&i*M@kȤ\'Oct;4\0=gIT\0]@&jvh*\0zή ZMۡ\09Lڵk׳~䷍Z\02ittvFWCSsv-\0466s3\'oYJ.K{0h4@&MMMMN?J\'+JڛA\02^rozy.cTzlȪPioC\0ȪL43wX={7#\0\0lXX$z,/_˽ѸaV\\.733h4ڎ\0dȰ|$Y46!B|a={Yނ\0\0Mm!$In7֏OrlrBPVʦ`@h*=09Y)^Irh4Vry_TZT399Ywl084T~{Ϟ׌02{CV}1FGGz\00\n`(x%NU!Lf4\0\n5==}%7~ÅW*ӯT*i\0ES__])__ysfYVB._^#\0/zыV޽o---0:\0$±k_vPz6;;z\rFў~}llV:\0FS׼^zi8O{u\\\\nOn!\0J;$dYӞ~=U+ӯM08a}X	e8\\N{QVkO6A\0|3b4z{T*6`T\0`zzX,e~Ӟ~=nP0:T\0h4D+VӯONNW^T\0T(L!FGGM0H4@VTfˢ!Bb&@i*L妕˴z>99ٞ~3\0\02=at+Bϴrr_\"M%|~~~>GGGß>	!\n 3fffL>\ZFй\\=zګi*h6ry||	BS;Rinn.`\nΆZ\\\\L{EHYNkOn\0Kh::ӯW*ӯ	MЏBGTilVBe.MwMvo<_H/333B<ol_g1s\0}\n_4\"\\\\޳gT\0}^\nW5*U+ӯ\n }|ބVVr	s4@_,Cӯ`\'h*Ԅ*J&L,hO\nzKScqq1Φ\"듓	MZHKј\Z\0gHSU	_JRX_\0ΞpZ,MN듓y,^T\0gI{tjZ(LMp6LOOE\"ӯ?ii*h4D+	ߺ333kZګп4ZZZr<J-,,eӯlFS3HӯK{u\0o3xjXi\0p3T\'&&Lh*\n|~~~>l_3YIS̌	NJeϞ=\0fY.Ѥg_3%0<42a:177מ~}jj;T\0gdvv6b+}\'d(W~`\n KakZX,r?/T\01qa8FM@f,--_w.l`h*-..0ⴧ_rB`T\0ݙ	ǂf3PTFGG\'\'\'@\0lu婩sssi@M-zP(̤\"0BP\nqu_o6)g?V&\\SV8|>otiz=zRYXX):jt̌7h*ؿX44MjP(_߉?mM6::\Z\Zk\0MQRɄ鐖^M\nR\'\\u_}[sKT\0[\\\\,\n[\ZR\Zfff&Zv&Z^^^ԇ?:tlfǟ}.t7|XMSl /%2??_.CLNNn6u޽{wnVR^9IkjMY}cw׮]g׽TfaÞX,\rWT*UU-IK{ѡ?_e~NL^9/oy[ּP}˷YSǕWPSWlSm=b3]W^y׷pe8Gx+p.,|MBYqN8B\nYktȄZ֞~}zz]Pg3?3_|L\'*\"޽rS\"MaXT[9f=X(gM{tl;N8\roԧ>վCz\\k:K9\"5!±f^}#7FbQBF5___7%	5cccgTݪr>\'h*RSTZAk/\\,}\\H{ExG:oOկ~K_75Uk׮|\'M#\0z\0tw񦱝\"6\nnrrTX|޷o߾=]t//\'A_bwޝRHA}gG~w/׻L՛Tq%ϧD4i*RPV+g:]cY}\Z_7io211Q.Y-q:o^6>^grJW}x\'{WoM8zU_CO|,frs30Ievp!ϧԞ%\'	Ԟ0l]0{5q_o/P(D4i*RG#\'ɑSǓ\'%$ɟG^K$Mx.7\'_8|]vRRꢋ.W:ìZX8U>Cbll=W7}>::ҤHٜݿT*Dkj }Biݏ?FϜH8OO+yo~_~\'ǓV\'WVS{.-Zg<1a:,אG~@Rvj*ԁW]w^}\\.)\nj5V=G\'O<;#|gxԱXn51AqYl63Px~ߡC;TD4y	Hb8:)$pM]V_gjc$NVѣ.9gdd{~wk;Tc*.LC+˵[w߽Mk.Mx	HTzW/h2ef[]Tg?ĳO\'>z=s^TSr51l͂۬\rAx7ᅢ<m3{	Mǐ&\'\'_sϞLlzoYz޷uW}_\\><soXe}jUSmTϪ/(ү#]T*	͞7շ!C13|)ƛrzOkas:\n!ZI~t,y镛};fh3yhꆛoYsߡ\ZT	fU2Sh@jgeAϛꓗ_^x\\Ni\ZC^y<:!2!5]T|Ew~[ZZX\\ҍsӝo=8ou>OW6jGm?ȪC---u>#mb^` DC255u&[?T*j\'W}#{yϚ;66̪N$1{휜*crWw$`8LuTOݎoZU<xK޼vd|÷~Kڋl=7h&Ns:DjݎnAuWfy\'bMVb`{v|{ƛ:oRVC~3;;[*zTtOqZM0g}9Yь>򑏼կ^Wo}[ۗ˙O^:OyC>v{OqZMԦ\"dꠒU@ǯʯJ׿hBо2.7{|;G:/AaQ=	[yև<ءj/paa!\'-zvdSpY>ڇM<!W׼OJO\0⇗KPx1(6hZmO^~dOyZmZMlt;T[|tl6)Es:~AuWYYC^Ç>|>C~,7xGCLѦȴs=]_WM5M7@ֳmU/yKT\nPhaȪ?\\niiifggWݻwא5oOKW*`ev^dw珦D,^w</~~i[as5G[oYۤ ޴f6JVP	j*4U}߾}\\pfB+PVǿuS?7K>CۡYW	i?e۟=qnG^٢~c7[}冷cuH{vao퟇j:mP*Z-\"嗾+&\0[=j^xfT.MJCLǗ~Fx\'vtqW밝,!+wk!?9眳f	/x_X,+|>DΆyLZUT^F2pi$˭PN4UOy|+;RK!?>r.Xo[O]-j\\l6\\-uN{vaoŐU=i7mVm	$D[zl6kZPhk^gFGGǩe-vTWOh4;G{οnG^d㛭ܹf7^s_p=ʚ\")nӮl\rl/mfSCM@_!ZU*է%݉qÍ7]xi?k׮5Ҫt;sYsMBX~ڠm0^l?oI%3hY7==6Uh.nZnجR6kͮ٬6l5c\rjS%[~tlUnxުY%``5533\0l,Kh,`Gj߾}sssi?miE?VO]7AʍlӻG?-ۯCڛgfA՞o*Alv&I_}^~3h}kGxp]Ω8Yvtվ|ly/gcuH{YueaPڷo_T0Hj{tB\0`ai?jEݎνX7Xu-76/oX~t;e<TJPrJl{@V!Zj6;qp@y{ݎν6\\Oe㿮fk.o}f\nvІYŉ}Y&;/}Ki? |X,J.\0d ZK/77աOPϟ~lqW_X.=cuEH{Yio}wfggBZM\0	?ؙ$Ȣ?DCs%\\à\n{\rGi?.>1Mts:cGfRʯ$Ȯ?D7F/d;t(՝VSkt;jߡ)\n[+\'&&rC~jvTs%WP4jI)Slrjzz[\0C~{Í7GBe1VS<yJUhJɳ:2I:00߄}I8d><}$\"Fc*9]VmpM	VO90uofh.ȅFL_W\Z(^xZ2TYy-`\\[@\ZC><11{߹䒐L\'\\y{綾\\vT1CTFYwbV(wh=\rbqlSٜT*{]spMZ60=ߵk׳~䷍p6UYTry`~Rr\nxCzFFGGk\'Omt5d}vjBԫuX^^/&9|Wr\\ڛ.M!!ZO>>*χ:E5\Z$333i٣HSl~RG,΍=~:\"z={ӳ[O&wһ}fff\0VI\"04Nc;kW.B>K{E fggs\\Rq)`i*l6w,,[al=hܐFXFcll,T~+Y2??_,K_\04ipl,\ZT!>翐\Z|O.i-..\n?/&IhT$In7֏Or\Z\01˅o˴WT^T*|ޯwHYٜoVzy$9h4\Z]mT*io᲼\\,M\rk4\Z\\.WV^oFFv~y|qȪ7ː\n?>>^.\rI\'}ʩi?\0T\0j|/3:\0[T\0AU(B\\\">INKSlhpX#O|>`4iLOOE[[\\\\,i@h*[XXràR)&\0h\"K㣣N9MSt!4ؘ9\0۸=I!MН|>NȮfٙ$+\0gNSt^\nOU$nMlW*OVrMkKT\0jPXZZJ{E`+bT*^	\n,..2g\Z)|\nAet\0Ti<^W*|>/vB7UH]P\\Z.\0CASB>!+l6ۧ\noFSrXJ{E:SN$,T\0799Y*rvj)| \n`G\nŴWA6??r^O{]\0)KKK!N^l\0T\0;lV*q+zT*\rh*733S(|:3|tt)\08}hF=Iz4YKd+B4$>A\nП4Y555U,yvT$g\nlkпfggs\\R\0OS (\nWX,JmT\0(>EbHT&IMZV(#1zR13$@Fi*\n!^Rh4&&&r\\ZM{]\0\0l6ɲGSNMOO\0\0LXi;s)M0\04@YXXsssi;VO9et\0Kۿ+BKV.	0`4@?\nMU,}0l0,..[T\0}j~~>-,,\"īR);\0T\0kyyX,̤\"t-lQx\n5ph^.MF=I\n jZ>_ZZJ{EJ$\Z`xh*lAU(B\\\"lZ\'I7T\0r8jH_rJ)\0ȘbχmQ*|,`i*YXXrNbHT\0\n \ZF8߿+2tzR&IMSdXh1\"<11j@T\0677^Al6ۧ6A\0kh*̫BafW=9唯\'\0T\0lW*(sN\\N{VO9eE\0\0GZ-\nKKK^zȫ^*oę!Jz@T\0ky_>׿^Y\\\\,5\0ISO}S#?\rox6ئz^*SNM08wXT/~^nyyy|||tt)\0\0GѨT*{r]tsu>̈́X{5&i*ASC*z;922׽.;f3ISNp&4,JiEVI͋T\0ljr\\,C0W 4d\'Y\0\\hTW^yu_ߡCVVs4@طo>pl嘱z<cgyy9\rT\0*/[9jl6^xa^O{s04@U*VP=gl=ڋ.7\0ISdܾ}o\Zя\\~\'h\0 MIfstt+ǟ53޽`h*LVJe3l5Tfrr2MT\0T*\\}?LH]I}4hrW}k=ugkKᆻ>0&q|>`h*Lrw}#122r8IL:<y,y&I/>>-\\\\zh%yhsIw<7hUud#Oڵ+MT\0{ǟxh̉St?r\'x<}<yj%yr%i$ɵj9sOw0xZ\02EOwF&NF3\'>>uەɱVktk;TCSsv-\0SMu\"yJ;z4w##猌z_}}jh*\0zή Z]Tg?ĳO\'>z=s^TSr5\09LjuQ3_=<<>c%ֽ߲o^ݯ~$9|4y;ްp˚T\0]@&68~GNUO$?:<Mw|hH3y<q4	UuͷP\rM@ٵ\0dҚ.*;sw--,.xpCuysow{+{{SoMkȤVS=z|Cن{{qZ\02TOM@ٵ\0dҩ:T\0]@&1ۡ\09Lj5գFCSsv-\0jGnZ\02TFCSsv-\04\0}® ZMÝ뗼cuze{R4MkȤ\'N<Cc?P:6CO-MkȤV~<e=Vlu]؉\'`ص\0dR:l\\n_8lxU\rvY<7\0Ʈ Z@f]}}Oh;n~=c\04v-\0\n|l\r_svuyz^4MkȤk_r:]W\nkȤV~|?e/=/;io:\0]@&ʏbkڹiwm5Kع\'`ص\0dR+?h/Տx;;pQ=io:\0]@&{=ŮY+\\XՓ\'`ص\0dR:v^m|Fjku`ص\0dR:3\nkȤVSkt;4\0=gIJS\'Z\02)ɓM@ٵ\0dRkt;4\0=gIZ2\nkȤVS}vh*\0zή v쳷<m\09L\Z<yT\0]@&[wt\0\ZMISSSOR5J`h*Lܛmz2(=;;`h*Nc;kW.\0@\n fK;ܛ\Zh\0 MaKKKKKIhl6BPBڛ\0maa!dԟ$1;\\nt~P\0,MyfsrR,ZkhwR.\0d\n`@W*gkFٽ!,\0>M\0\0OS\0\0T\0\0\04\0\0@<M\0\0OS\0\0T\0\0\04\0\0@<M\0\0OS\0\0T\0\0\04\0\0@<M\0\0OS\0\0T\0\0\04\0\0@<M\0\0OS\0\0T\0\0\04\0\0@<M\0\0OS\0\0T\0\0\04\0\0@<M\0\0OS\0\0T\0\0\04\0\0@<M\0\0OS\0\0T\0\0\04\0\0@<M\0\0OS\0\0T\0\0\04\0\0@<M\0\0OS\0\0T\0\0\04\0\0@<M\0\0OS\0\0T\0\0\04\0\0@<M\0\0OS\0\0T\0\0\04\0\0@<M\0\0OS\0\0T\0\0\04\0\0@<M\0\0OS\0\0T\0\0\04\0\0@<M\0\0OS\0\0T\0\0\04\0\0@<M\0\0OS\0\0T\0\0\04\0\0@<M\0\0OS\0\0T\0\0\04\0\0@<M\0\0OS\0\0T\0\0\04\0\0@<M\0\0OS\0\0T\0\0\04\0\0@<M\0\0OS\0\0T\0\0\04\0\0@<M\0\0OS\0\0T\0\0\04\0\0@<M\0\0OS\0\0T\0\0\04\0\0@<M\0\0OS\0\0T\0\0\04\0\0@<M\0\0OS\0\0T\0\0\04\0\0@<M\0\0OS\0\0T\0\0\04\0\0@<M\0\0OS\0\0T\0\0\04\0\0@<M\0\0OS\0\0T\0\0\04\0\0@<M\0\0OS\0\0T\0\0\04\0\0@<M\0\0OS\0\0T\0\0\04\0\0@<M\0\0OS\0\0T\0\0\04\0\0@<M\0\0OS\0\0T\0\0\04\0\0@<M\0\0OS\0\0T\0\0\04\0\0@<M\0\0OS\0\0T\0\0\04\0\0@<M\0\0OS\0\0T\0\0\04\0\0@<M\0\0OS\0\0T\0\0\04\0\0@<M\0\0OS\0\0T\0\0\04\0\0@<M\0\0OS\0\0T\0\0\04\0\0@<M\0\0OS\0\0T\0\0\04\0\0@<M\0\0OS\0\0T\0\0\04\0\0@<M\0\0OS\0\0T\0\0\04\0\0@<M\0\0OS\0\0T\0\0\04\0\0@<M\0\0OS\0\0T\0\0\04\0\0@<M\0\0OS\0\0T\0\0\04\0\0@<M\0\0OS\0\0T\0\0\04\0\0@<M\0\0OS\0\0T\0\0\04\0\0@<M\0\0OS\0\0T\0\0\04\0\0@<M\0\0OS\0\0T\0\0\04\0\0@<M\0\0OS\0\0T\0\0\04\0\0@<M\0\0OS\0\0T\0\0\04\0\0@<M\0\0OS\0\0T\0\0\04\0\0@<M\0\0OS\0\0T\0\0\04\0\0@<M\0\0OS\0\0T\0\0\04\0\0@<M\0\0OS\0\0T\0\0\04\0\0@<M\0\0OS\0\0T\0\0\04\0\0@<M\0\0OS\0\0T\0\0\04\0\0@<M\0\0OS\0\0T\0\0\04\0\0@<M\0\0OS\0\0T\0\0\04\0\0@<M\0\0OS\0\0S!6Ke\0\0\0\0IENDB`',0),('204',1,'qjlc.bpmn','201','<?xml version=\"1.0\" encoding=\"UTF-8\"?>\n<definitions xmlns=\"http://www.omg.org/spec/BPMN/20100524/MODEL\" xmlns:xsi=\"http://www.w3.org/2001/XMLSchema-instance\" xmlns:activiti=\"http://activiti.org/bpmn\" xmlns:bpmndi=\"http://www.omg.org/spec/BPMN/20100524/DI\" xmlns:omgdc=\"http://www.omg.org/spec/DD/20100524/DC\" xmlns:omgdi=\"http://www.omg.org/spec/DD/20100524/DI\" typeLanguage=\"http://www.w3.org/2001/XMLSchema\" expressionLanguage=\"http://www.w3.org/1999/XPath\" targetNamespace=\"http://www.activiti.org/test\">\n  <process id=\"qjlc\" name=\"请假流程\" isExecutable=\"true\">\n    <startEvent id=\"startevent1\" name=\"Start\"></startEvent>\n    <userTask id=\"usertask1\" name=\"提交请假申请\" activiti:assignee=\"张三\"></userTask>\n    <userTask id=\"usertask2\" name=\"项目经理审批\" activiti:assignee=\"李四\"></userTask>\n    <userTask id=\"usertask3\" name=\"总监审批\" activiti:assignee=\"王五\"></userTask>\n    <sequenceFlow id=\"flow1\" sourceRef=\"startevent1\" targetRef=\"usertask1\"></sequenceFlow>\n    <exclusiveGateway id=\"exclusivegateway1\" name=\"Exclusive Gateway\"></exclusiveGateway>\n    <sequenceFlow id=\"flow4\" sourceRef=\"usertask1\" targetRef=\"exclusivegateway1\"></sequenceFlow>\n    <sequenceFlow id=\"flow5\" sourceRef=\"exclusivegateway1\" targetRef=\"usertask2\">\n      <conditionExpression xsi:type=\"tFormalExpression\"><![CDATA[${qjts<3}]]></conditionExpression>\n    </sequenceFlow>\n    <sequenceFlow id=\"flow6\" sourceRef=\"exclusivegateway1\" targetRef=\"usertask3\">\n      <conditionExpression xsi:type=\"tFormalExpression\"><![CDATA[${qjts>=3}]]></conditionExpression>\n    </sequenceFlow>\n    <endEvent id=\"endevent2\" name=\"End\"></endEvent>\n    <sequenceFlow id=\"flow8\" sourceRef=\"usertask3\" targetRef=\"endevent2\"></sequenceFlow>\n    <sequenceFlow id=\"flow9\" sourceRef=\"usertask2\" targetRef=\"endevent2\"></sequenceFlow>\n  </process>\n  <bpmndi:BPMNDiagram id=\"BPMNDiagram_qjlc\">\n    <bpmndi:BPMNPlane bpmnElement=\"qjlc\" id=\"BPMNPlane_qjlc\">\n      <bpmndi:BPMNShape bpmnElement=\"startevent1\" id=\"BPMNShape_startevent1\">\n        <omgdc:Bounds height=\"35.0\" width=\"35.0\" x=\"120.0\" y=\"231.0\"></omgdc:Bounds>\n      </bpmndi:BPMNShape>\n      <bpmndi:BPMNShape bpmnElement=\"usertask1\" id=\"BPMNShape_usertask1\">\n        <omgdc:Bounds height=\"55.0\" width=\"105.0\" x=\"210.0\" y=\"221.0\"></omgdc:Bounds>\n      </bpmndi:BPMNShape>\n      <bpmndi:BPMNShape bpmnElement=\"usertask2\" id=\"BPMNShape_usertask2\">\n        <omgdc:Bounds height=\"55.0\" width=\"105.0\" x=\"490.0\" y=\"110.0\"></omgdc:Bounds>\n      </bpmndi:BPMNShape>\n      <bpmndi:BPMNShape bpmnElement=\"usertask3\" id=\"BPMNShape_usertask3\">\n        <omgdc:Bounds height=\"55.0\" width=\"105.0\" x=\"490.0\" y=\"330.0\"></omgdc:Bounds>\n      </bpmndi:BPMNShape>\n      <bpmndi:BPMNShape bpmnElement=\"exclusivegateway1\" id=\"BPMNShape_exclusivegateway1\">\n        <omgdc:Bounds height=\"40.0\" width=\"40.0\" x=\"380.0\" y=\"228.0\"></omgdc:Bounds>\n      </bpmndi:BPMNShape>\n      <bpmndi:BPMNShape bpmnElement=\"endevent2\" id=\"BPMNShape_endevent2\">\n        <omgdc:Bounds height=\"35.0\" width=\"35.0\" x=\"760.0\" y=\"215.0\"></omgdc:Bounds>\n      </bpmndi:BPMNShape>\n      <bpmndi:BPMNEdge bpmnElement=\"flow1\" id=\"BPMNEdge_flow1\">\n        <omgdi:waypoint x=\"155.0\" y=\"248.0\"></omgdi:waypoint>\n        <omgdi:waypoint x=\"210.0\" y=\"248.0\"></omgdi:waypoint>\n      </bpmndi:BPMNEdge>\n      <bpmndi:BPMNEdge bpmnElement=\"flow4\" id=\"BPMNEdge_flow4\">\n        <omgdi:waypoint x=\"315.0\" y=\"248.0\"></omgdi:waypoint>\n        <omgdi:waypoint x=\"380.0\" y=\"248.0\"></omgdi:waypoint>\n      </bpmndi:BPMNEdge>\n      <bpmndi:BPMNEdge bpmnElement=\"flow5\" id=\"BPMNEdge_flow5\">\n        <omgdi:waypoint x=\"400.0\" y=\"228.0\"></omgdi:waypoint>\n        <omgdi:waypoint x=\"542.0\" y=\"165.0\"></omgdi:waypoint>\n      </bpmndi:BPMNEdge>\n      <bpmndi:BPMNEdge bpmnElement=\"flow6\" id=\"BPMNEdge_flow6\">\n        <omgdi:waypoint x=\"400.0\" y=\"268.0\"></omgdi:waypoint>\n        <omgdi:waypoint x=\"542.0\" y=\"330.0\"></omgdi:waypoint>\n      </bpmndi:BPMNEdge>\n      <bpmndi:BPMNEdge bpmnElement=\"flow8\" id=\"BPMNEdge_flow8\">\n        <omgdi:waypoint x=\"542.0\" y=\"330.0\"></omgdi:waypoint>\n        <omgdi:waypoint x=\"777.0\" y=\"250.0\"></omgdi:waypoint>\n      </bpmndi:BPMNEdge>\n      <bpmndi:BPMNEdge bpmnElement=\"flow9\" id=\"BPMNEdge_flow9\">\n        <omgdi:waypoint x=\"542.0\" y=\"165.0\"></omgdi:waypoint>\n        <omgdi:waypoint x=\"777.0\" y=\"215.0\"></omgdi:waypoint>\n      </bpmndi:BPMNEdge>\n    </bpmndi:BPMNPlane>\n  </bpmndi:BPMNDiagram>\n</definitions>',0),('205',1,'transfer2.png','201','PNG\r\n\Z\n\0\0\0\rIHDR\0\0[\0\0f\0\0\0=\0\0%IDATxl]?p?;F3OQk%Gf4U\rjXCذnU[@b֦vMG6/mVwi:i+Ikbǟ\'wz/|x%|;;uD\0\0\0H{\0\0\0R#\0\0ᒈ\0\0pID\0\0@$\"\0\0 \\\0\0.\0\0D\0\0K\"\0\0%\0\0ᒈ\0\0pID\0\0@$\"\0\0 \\\0\0.\0\0D\0\0K\"\0\0%\0\0ᒈ\0\0pID\0\0@$\"\0\0 \\\0\0.\0\0D\0\0K\"\0\0%\0\0ᒈ\0\0pID\0\0@$\"\0\0 \\\0\0.\0\0D\0\0K\"\0\0%\0\0ᒈ\0\0pID\0\0@$\"\0\0 \\\0\0.\0\0D\0\0K\"\0\0%\0\0ᒈ\0\0pID\0\0@$\"\0\0 \\\0\0.\0\0D\0\0K\"\0\0%\0\0ᒈ\0\0pID\0\0@$\"\0\0 \\\0\0.\0\0D\0\0K\"\0\0%\0\0ᒈ\0\0pID\0\0@$\"\0\0 \\\0\0.\0\0D\0\0K\"\0\0%\0\0ᒈ\0\0pID\0\0@$\"\0\0 \\\0\0.\0\0D\0\0K\"\0\0%\0\0ᒈ\0\0pID\0\0@$\"\0\0 \\\0\0.\0\0DU,w\0ȡV9ŧBZK\"`ggg1w\r\0\">UNgm``+>MNNk*|Ϝ!\0h{흝M{_$\"hTOOO|zH{G\0`:t(Ei4Dj\0T,h&\Z077+8̤#44`֭\0nnn\'Fi4DIMNN\0;ctt4搈 \07;;ӓ^@sHDM\0\n$mHD@5/mHDy\0BچDHV\0D\rji\0677ݝ^@HDH<S{\0a%I;0!B^\0@HD1@\r\'Gڃq#8DL\0Pɑ`C\"&}\0H{0!>\0pr=ǐI\0j89cHĤ\05i1$b\ZN1@\r\'Gڃq#8DL\0Pɑ`C\"&}\0H{0!>\0pr=ǐI\0j89*CCC}}}=\r\n۲F&}\0x\'\'Gڃq*SSSqн޽=z~a!̊=\rLLLl۶-Ĺ(欅I\0j89+\n^:v~ἪsQ˙OQ1@\r\'Gڃqdq_8V˖-sssi&}\0H{0lxxTpoݮ#!q\\,\'\'\'w188TME>\'snZR&}\0H{HmA(N>q}}\\?w544յuּ!~_:>xV%g~ygggn]\"&}\0H{Ha:t^q9X=ضm흞]mH܆ߨԍT###i.>\0pr=l8޵kWo%Pu\r7ܰ}b;\\&ơE/^[{.z\\}|돟=^=fwϤNR\'!]ZPx{ߛq@KIDq\Z\Z\Zi(UW/s3Qtf)z}1z|Fџq{4x|!:v.:f4W_JO	N9ٙv.!Bq =\0B\"=l8֭[*/wmz7.D.\\ů|?>wq1N-F/D-D\'.%aV\'rsB\0Td$	m8\Z\ZZ.E|\\)՜Tn_|ZXΗcO>Usߠ*˓iu?\0ʲ|6bڵk=/[^\rn7jRхяOGQtܹ踼oPty\0ZfOАC61ӟݻ[\r)+U~ɳ˧Wތu]wk~\'7dZ\0\"\'qhTqV[Vt}kJP۳Kkŋx3/oȵ?tWoFs.q5\r28֏CB\0e$kq<999888TohK!񤰸J8|Ǟ+7sя+(DAU&$qH(H\"]vF?z6moHM񆧿gfg>z`уG{=<·g:s?r-\'(j$	E\08YqLjQ*ז-[fffZw\r)%ת볟LGO1dh\0\\vN-ccc-MDw922ҺChH)TVF&ӵ!e$q}ݻw4=x%ںChDtUhea2]yމWOn޼{E\0,\'qXぁxYD/Xrsss+NF+t8X<r*Q( dġ)Z8[uxںCqȑ:ꫯi)\Zt\':q&U!IDM6{xKQ\\?ž۷(.i+`EDch8.CqƎm[_TB8S8\0DD{h8y\rHD{r\"\Z,g(`tt|Ff|UWvmUJDjdZōB|MWWPt\nE\0B\"=pÈʕgjjrF3[y]ݝ__^_s5 e$qcYw[1N\"\0!Z8ĢǶlٲ]KDW\\QYzɯگk*%5lG|>VSqj_%{CQ8$q<::zki\"׶ml!T_^\r_{Ї|<pTwkkC\'H}|^b2;T\']2	E\0@\"=puww4OMMjRx`` >n)*_OBO˗W	<\rlնS7Y`!\ru8Ŝ5ߗ_~yw	ꐈh-}sStuu5\rꛜ[K!&֊^׹%Suft5T~K%q,)СCq(:KYl)ZqƏ,h-}x-B±uV\'7jnVs7^,ۈBP8SW I(\"q\'Z;bwww+>3t~~ߐRH:z#u.]Q.͚+ofSI.ۈ/n,VCz׻\"qHD[n VN6IP\0kh/nX-1-E\0h1?~51={pf=u|r:z#+^._LpngV˖PVP$P(lٲYoP^k\r\\KszɼfW_6hٙ廴CNkCѶm\\1ky(ù8@$\"8%y{Kơ|sBݘnH)!ΪjWΣ\'%)fm\\PU\"q~ظq7o޼b8Ve3Eo%4lG˫ݾayinPTcXˡH pY8m8.\n;Ji0;/_z;ܐR`8Ī~jhm7\0+Mu-Eq쩟!\08Fb\'NeAYgO|o\\mH)0<\ZL?敜\0aI#q<??wtuu}?k_n6۶}(gD)=\ZLM\"qe$k8.8&C+~f6IDmFB8@v1&F+iP$@OqӔUɴ~(\0 hqӔѬj2;!\0(I\Zb7M)}O5ZYL\"q\0*|<{wUCɴ:C\0P-\'qH8n^aPe2-\0ZO␄q41{)zV%~\']Z+@5`7ͮ]FFnK=cq[H^\06DD{0fnnggT\ZdڭKĤ\05iq3hRJR:CCi7-)>\0pr=T,>:3Q_{{z_(KiI#8ngg\'Z8G鯥ݮ#8n8QtP-/tOOCڍjI\0j89(##}}*{|ia&}\0H{0[hzzzxw6m::\Z)Eie:L\0NN1@\r\'Gڃq#8DL\0Pɑ`C\"&}\0H{0!>\0pr=ǐI?P___www\Z律	ǿBv[F屿N1gTS{{>0+>7011m۶wnNRyo_sbgggooo|aӦM=i\ZE$\"eSP?ұUuxD9i7jW,ߗ?u7NNNkFyDAr{v~Z-[ͥݮlX,Lu?iӦȃD$\Z.-TpoݮOOJ\"?w\n\"fjjŢJR?޹i7*q[o.iE$\"eJ|O/[X<3?ټyg_~߾+ \", (SƆߨԍmTyyY梿ʉ(ȃD$L~GQ蹅碧EO/ȷhCoFOoLꋛT3i._Ec֞5ȃD$L9|r9EgGoD]wMccoFsyggNvvvݺDW7/ur=ǐI?S^=y|atq!:w.~?Qtj1z}!zm!*DCO<]ZQ2W7-;v{@|X?=	Ŀ.Ⱦ(+NU*btlt[7(\n~o|勧煥|iؓO70_7Bq\nz޽[ϑ/=!u(RWToD?>-DszO޶;?pAU+W7S޺ukw(tH>fOH]<gSCVZ^nN^>f˯xU\\;XQ=䁚UZ1o-˟db⾇>R;Ｋ斃Baw\ZR\0:^ҪP۳Kkŋ|h#/\\_oEEox}3O7ՊYWS|SC=ZxWgӦMO9{}=!u}}}ioϲ?Ty/^_~r>zcmʹbt\\=D}W7alg\\twU933;	K{/xKͪs94Gyw>p|уߟy3s˭	dEfnbCwܙ0U׽K*y:,\'!io)^~3wO1ՊYWSP>1q\ZP?y\rhT>fOHlOOO{[J+Պ9_WJۻ68glmtttc\Z+dՅWUsڿ<wmX]937E6m9dS>fOȂ;#ҊjrbNוx9tvv{xSѩg*>4J6c,(64#J+WTsܕwmL?ה8TSlWW4*\'d\r͂ҊǪՊ9_WJۻ6B7?zR{_wy>ʂ	ٱcOo񹹹TZQͫF+S+f_Jfllp͍Cq}oHS(C\'E<\nw9r|\'&&j~jEjWU*ߚ۷7-{)o|֭?h̞/SSS;vgE-R,/+?XՏZT/P[khڦjw+a_j;ߚ\'-o<>{@2{B\n83{|\n/xatUޛ쪫\Z{˭-//5x]]w~.osY}Y/q6Nk*﻽MODqU)MdPºg8UޟqW͖?PʕUF.yyêoNdon[}YծYB[	K=ڊDT~ڧnePu5TӃ%j`vv6z_jnYkV5ܾF_niej!\\o=΀YYӚ>܊DY~SȠ&STu||ҚX+巗5޹9Vׯުl䒷iѥjj_W~ۊ,NͽV{,~k*A=ǡ,oGAY=⋝###5WZvdշ)_p[w,+>hZ\r{ژ..+~[ssnJfxx|P_瞦\'g.ow͕؊ѢeGV\\-,֐68eg嶿WH&6w}ӠƊ:ٵkW0md;w7>44Ԕ&	Pibӫz+^Z9վ]oҲVyд[Hh[Z!}oΖ3MD7pCyqk@1{TXkzUov˕o+W\\X˿UV\nk\r]coz_Vъovwwpb&ơʇ|9ZiB몼=+t5wYpU+VWڭK$Gi5ڣ###\Z7onDf7(Q=V?hEJ55u߷Օs[Ӛ/m/}f^6oP|j;w6%{JS:G	P8z{	Ok.\\pw[WZ1guzWYjޔޭ6h:;;6=ZX۷oߘCFcVZs<\Z\\uk#urLiN>yʦ7!=VTϩF+W+]+muuuU\'!{x%uvvNOOoC1{Tj=WUL嵂qi3[=XrэyhT>fOjuijrbNwd噢һI\Z[J\"1{T+\Z\\u+TǛ8y]><}{o*/#1{T+fUsܕwBcǎΎlٲe\r\r\ry+\"\'@Ҋ{Պ9_WJۻomWL>̤Ш|̞\0:;;Ϟ=]PeŬb8>>Gޚ=88{nGhT|}o--V\rUVTIȿ. cjRJ^ߛfOOOڭKDW巿G?v\Z-5JNuH\"gnnggT\ZdڭKDW巿GK;.ھ=Կ@Mko!w$\" b_Ggf9Rk~~oO}i7*ܑ~vv2*^NK鯥ݮE\"rlff&^TQtP-/tOOCڍZ#ߐ+|+##}}*{|ih]WCv/Dٴ:zhxQv[Fo{kBID\0\0@$\"\0\0 \\\0\0.\0\0D\0\0K\"\0\0%\0\0ᒈ\0\0pID\0\0@$\"\0\0 \\\0\0.\0\0D\0\0K\"\0\0%\0\0ᒈ\0\0pID\0\0@$\"\0\0 \\\0\0.\0\0D\0\0K\"\0\0%\0\0ᒈ\0\0pID\0\0@$\"\0\0 \\\0\0.\0\0D\0\0K\"\0\0%\0\0ᒈ\0\0pID\0\0@$\"\0\0 \\\0\0.\0\0D\0\0K\"\0\0%\0\0ᒈ\0\0pID\0\0@$\"\0\0 \\\0\0.\0\0D\0\0K\"\0\0%\0\0ᒈ\0\0pID\0\0@$\"\0\0 \\\0\0.\0\0D\0\0K\"\0\0%\0\0ᒈ\0\0pID\0\0@$\"\0\0 \\\0\0.\0\0D\0\0K\"\0\0%\0\0ᒈ\0\0pID\0\0@$\"\0\0 \\\0\0.\0\0D\0\0K\"\0\0%\0\0ᒈ\0\0pID\0\0@$\"\0\0 \\\0\0.\0\0D\0\0K\"\0\0%\0\0ᒈ\0\0pID\0\0@$\"\0\0 \\\0\0.\0\0D\0\0K\"\0\0%\0\0ᒈ\0\0pID\0\0@$\"\0\0 \\\0\0.\0\0D\0\0K\"\0\0%\0\0ᒈ\0\0pID\0\0@$\"\0\0 \\\0\0.\0\0D\0\0K\"\0\0%\0\0ᒈ\0\0pID\0\0@$\"\0\0 \\\0\0.\0\0D\0\0K\"\0\0%\0\0ᒈ\0\0pID\0\0@$\"\0\0 \\\0\0.\0\0D\0\0K\"\0\0%\0\0ᒈ\0\0pID\0\0@$\"\0\0 \\\0\0.\0\0D\0\0K\"\0\0%\0\0ᒈ\0\0pID\0\0@$\"\0\0 \\\0\0.\0\0D\0\0+H\0\0\0\0IENDB`',0),('209',1,'transfer2.bpmn','208','<?xml version=\"1.0\" encoding=\"UTF-8\"?>\n<definitions xmlns=\"http://www.omg.org/spec/BPMN/20100524/MODEL\" xmlns:xsi=\"http://www.w3.org/2001/XMLSchema-instance\" xmlns:activiti=\"http://activiti.org/bpmn\" xmlns:bpmndi=\"http://www.omg.org/spec/BPMN/20100524/DI\" xmlns:omgdc=\"http://www.omg.org/spec/DD/20100524/DC\" xmlns:omgdi=\"http://www.omg.org/spec/DD/20100524/DI\" typeLanguage=\"http://www.w3.org/2001/XMLSchema\" expressionLanguage=\"http://www.w3.org/1999/XPath\" targetNamespace=\"http://www.activiti.org/test\">\n  <process id=\"transfer\" name=\"物流配送流程\" isExecutable=\"true\">\n    <startEvent id=\"startevent1\" name=\"Start\"></startEvent>\n    <userTask id=\"checkWorkOrderManage\" name=\"审核工作单\" activiti:candidateGroups=\"业务员\"></userTask>\n    <sequenceFlow id=\"flow1\" sourceRef=\"startevent1\" targetRef=\"checkWorkOrderManage\"></sequenceFlow>\n    <userTask id=\"outStore\" name=\"货物出库\" activiti:candidateGroups=\"仓库管理员\"></userTask>\n    <userTask id=\"transferGoods\" name=\"货物配送\" activiti:candidateGroups=\"取派员\"></userTask>\n    <sequenceFlow id=\"flow3\" sourceRef=\"outStore\" targetRef=\"transferGoods\"></sequenceFlow>\n    <userTask id=\"receive\" name=\"配送签收\" activiti:candidateGroups=\"取派员\"></userTask>\n    <sequenceFlow id=\"flow4\" sourceRef=\"transferGoods\" targetRef=\"receive\"></sequenceFlow>\n    <endEvent id=\"endevent1\" name=\"End\"></endEvent>\n    <sequenceFlow id=\"flow5\" sourceRef=\"receive\" targetRef=\"endevent1\"></sequenceFlow>\n    <exclusiveGateway id=\"checkYesOrNo\" name=\"Exclusive Gateway\"></exclusiveGateway>\n    <sequenceFlow id=\"flow6\" sourceRef=\"checkWorkOrderManage\" targetRef=\"checkYesOrNo\"></sequenceFlow>\n    <sequenceFlow id=\"flow7\" sourceRef=\"checkYesOrNo\" targetRef=\"outStore\">\n      <conditionExpression xsi:type=\"tFormalExpression\"><![CDATA[${check==1}]]></conditionExpression>\n    </sequenceFlow>\n    <sequenceFlow id=\"flow8\" sourceRef=\"checkYesOrNo\" targetRef=\"endevent1\">\n      <conditionExpression xsi:type=\"tFormalExpression\"><![CDATA[${check==0}]]></conditionExpression>\n    </sequenceFlow>\n  </process>\n  <bpmndi:BPMNDiagram id=\"BPMNDiagram_transfer\">\n    <bpmndi:BPMNPlane bpmnElement=\"transfer\" id=\"BPMNPlane_transfer\">\n      <bpmndi:BPMNShape bpmnElement=\"startevent1\" id=\"BPMNShape_startevent1\">\n        <omgdc:Bounds height=\"35.0\" width=\"35.0\" x=\"30.0\" y=\"115.0\"></omgdc:Bounds>\n      </bpmndi:BPMNShape>\n      <bpmndi:BPMNShape bpmnElement=\"checkWorkOrderManage\" id=\"BPMNShape_checkWorkOrderManage\">\n        <omgdc:Bounds height=\"55.0\" width=\"105.0\" x=\"110.0\" y=\"110.0\"></omgdc:Bounds>\n      </bpmndi:BPMNShape>\n      <bpmndi:BPMNShape bpmnElement=\"outStore\" id=\"BPMNShape_outStore\">\n        <omgdc:Bounds height=\"55.0\" width=\"105.0\" x=\"403.0\" y=\"170.0\"></omgdc:Bounds>\n      </bpmndi:BPMNShape>\n      <bpmndi:BPMNShape bpmnElement=\"transferGoods\" id=\"BPMNShape_transferGoods\">\n        <omgdc:Bounds height=\"55.0\" width=\"105.0\" x=\"563.0\" y=\"170.0\"></omgdc:Bounds>\n      </bpmndi:BPMNShape>\n      <bpmndi:BPMNShape bpmnElement=\"receive\" id=\"BPMNShape_receive\">\n        <omgdc:Bounds height=\"55.0\" width=\"105.0\" x=\"723.0\" y=\"170.0\"></omgdc:Bounds>\n      </bpmndi:BPMNShape>\n      <bpmndi:BPMNShape bpmnElement=\"endevent1\" id=\"BPMNShape_endevent1\">\n        <omgdc:Bounds height=\"35.0\" width=\"35.0\" x=\"860.0\" y=\"180.0\"></omgdc:Bounds>\n      </bpmndi:BPMNShape>\n      <bpmndi:BPMNShape bpmnElement=\"checkYesOrNo\" id=\"BPMNShape_checkYesOrNo\">\n        <omgdc:Bounds height=\"40.0\" width=\"40.0\" x=\"250.0\" y=\"117.0\"></omgdc:Bounds>\n      </bpmndi:BPMNShape>\n      <bpmndi:BPMNEdge bpmnElement=\"flow1\" id=\"BPMNEdge_flow1\">\n        <omgdi:waypoint x=\"65.0\" y=\"132.0\"></omgdi:waypoint>\n        <omgdi:waypoint x=\"110.0\" y=\"137.0\"></omgdi:waypoint>\n      </bpmndi:BPMNEdge>\n      <bpmndi:BPMNEdge bpmnElement=\"flow3\" id=\"BPMNEdge_flow3\">\n        <omgdi:waypoint x=\"508.0\" y=\"197.0\"></omgdi:waypoint>\n        <omgdi:waypoint x=\"563.0\" y=\"197.0\"></omgdi:waypoint>\n      </bpmndi:BPMNEdge>\n      <bpmndi:BPMNEdge bpmnElement=\"flow4\" id=\"BPMNEdge_flow4\">\n        <omgdi:waypoint x=\"668.0\" y=\"197.0\"></omgdi:waypoint>\n        <omgdi:waypoint x=\"723.0\" y=\"197.0\"></omgdi:waypoint>\n      </bpmndi:BPMNEdge>\n      <bpmndi:BPMNEdge bpmnElement=\"flow5\" id=\"BPMNEdge_flow5\">\n        <omgdi:waypoint x=\"828.0\" y=\"197.0\"></omgdi:waypoint>\n        <omgdi:waypoint x=\"860.0\" y=\"197.0\"></omgdi:waypoint>\n      </bpmndi:BPMNEdge>\n      <bpmndi:BPMNEdge bpmnElement=\"flow6\" id=\"BPMNEdge_flow6\">\n        <omgdi:waypoint x=\"215.0\" y=\"137.0\"></omgdi:waypoint>\n        <omgdi:waypoint x=\"250.0\" y=\"137.0\"></omgdi:waypoint>\n      </bpmndi:BPMNEdge>\n      <bpmndi:BPMNEdge bpmnElement=\"flow7\" id=\"BPMNEdge_flow7\">\n        <omgdi:waypoint x=\"270.0\" y=\"157.0\"></omgdi:waypoint>\n        <omgdi:waypoint x=\"270.0\" y=\"197.0\"></omgdi:waypoint>\n        <omgdi:waypoint x=\"403.0\" y=\"197.0\"></omgdi:waypoint>\n      </bpmndi:BPMNEdge>\n      <bpmndi:BPMNEdge bpmnElement=\"flow8\" id=\"BPMNEdge_flow8\">\n        <omgdi:waypoint x=\"270.0\" y=\"117.0\"></omgdi:waypoint>\n        <omgdi:waypoint x=\"270.0\" y=\"80.0\"></omgdi:waypoint>\n        <omgdi:waypoint x=\"335.0\" y=\"80.0\"></omgdi:waypoint>\n        <omgdi:waypoint x=\"583.0\" y=\"80.0\"></omgdi:waypoint>\n        <omgdi:waypoint x=\"877.0\" y=\"80.0\"></omgdi:waypoint>\n        <omgdi:waypoint x=\"877.0\" y=\"180.0\"></omgdi:waypoint>\n      </bpmndi:BPMNEdge>\n    </bpmndi:BPMNPlane>\n  </bpmndi:BPMNDiagram>\n</definitions>',0),('210',1,'qjlc.png','208','PNG\r\n\Z\n\0\0\0\rIHDR\0\0q\0\0g\0\0\0X\0\08IDATx{cgapY5KHqQfRX-\".ha$Z:P\n騢0ꏢjoF#)I$af,1&k3mzϣW+>>3s>k{F\0\0\0b\0\0\0\0\0\0i*\0\0x\n\0\0 \0\0\0\0\0i*\0\0x\n\0\0 \0\0\0\0\0i*\0\0x\n\0\0 \0\0\0\0\0i*\0\0x\n\0\0 \0\0\0\0\0i*\0\0x\n\0\0 \0\0\0\0\0i*\0\0x\n\0\0 \0\0\0\0\0i*\0\0x\n\0\0 \0\0\0\0\0i*\0\0x\n\0\0 \0\0\0\0\0i*\0\0x\n\0\0 \0\0\0\0\0i*\0\0x\n\0\0 \0\0\0\0\0i*\0\0x\n\0\0 \0\0\0\0\0i*\0\0x\n\0\0 \0\0\0\0\0i*\0\0x\n\0\0 \0\0\0\0\0i*\0\0x\n\0\0 \0\0\0\0\0i*\0\0x\n\0\0 \0\0\0\0\0i*\0\0x\n\0\0 \0\0\0\0\0i*\0\0x\n\0\0 \0\0\0\0\0i*\0\0x\n\0\0 \0\0\0\0\0i*\0\0x\n\0\0 \0\0\0\0\0i*\0\0x\n\0\0 \0\0\0\0\0i*\0\0x\n\0\0 \0\0\0\0\0i*\0\0x\n\0\0 \0\0\0\0\0i*\0\0x\n\0\0 \0\0\0\0\0i*\0\0x\n\0\0 \0\0\0\0\0i*\0\0x\n\0\0 \0\0\0\0\0i*\0\0x\n\0\0 \0\0\0\0\0i*\0\0x\n\0\0 \0\0\0D٬jrX,WT*UFf`i*A077Z\"ՕW^ywбṇ.5	e`i*lk4\ZJe߾}<c㏅\n_7\0KSdX|>+pl娱ٸW_xz=`T\0VTZAk/\\\0&MUsss]rilgG?rH{04@&58|G{RڛA\02ZV*tƻ~kP/ɴ7\0FSdRT:p՗0I\"w%䎣ɭO_=ǒm&77I}.SϛTm|ڛA\02)}+Ǐ$9r2yx$pq顕䁣%fr߼VՑ!<k׮7\0FSdݻ⡕#d3\'\'N5yޛI䩕ɕ$rg=\rkȤV=G\'O<;4\Z|gxnWN&ZumwP\rM@ٵ\0dR3N5ՉgG\'+Ir32=;z5\09LjuS&?<\\r;syK^זSMumwZ\02E}ddT=\\[{+w䙣x-k;TCSsv-\0uF;BV=X+7Uw7~ѣ#f$T\r7߲C54\0=gIkν޵to;]{q7݅;|xMm4\0î ZM}pd~=Ysǡ\Z\nkȤVS=at;4\0=gIFCSsv-\0jǌnZ\02T\ZM@ٵ\0dR1\nkȤVS-M@ٵ\0dT\0	Lj5Ɔv	}ع~`ص\0dRh\'̚+7zq۬+W_,jqCSsv-\0J\Zk6[s_7]KN{0hZ\02Uv5:w}]cmx5Wvn\ntEH{0hZ\02Ut5:wY~kfk[?f7)l`ص\0dR+*~e;6_}Oguks_7\0Ʈ Rl-nY{jZL[Oص\0dR+-ew5^^-/BڛAcIdDi]\\مzɛ]qmOo\Zn`ص\0dR+-X5klo\r~%o\r/wv5M@ٵ\0dR(=V};z[,m濮=7\0Ʈ ZEq(b$N^f7XuulWu\rXv~ڛAcIvh*\0zή ZMuT\0]@&i*M@kȤ\'Oct;4\0=gIT\0]@&jvh*\0zή ZMۡ\09Lڵk׳~䷍Z\02ittvFWCSsv-\0466s3\'oYJ.K{0h4@&MMMMN?J\'+JڛA\02^rozy.cTzlȪPioC\0ȪL43wX={7#\0\0lXX$z,/_˽ѸaV\\.733h4ڎ\0dȰ|$Y46!B|a={Yނ\0\0Mm!$In7֏OrlrBPVʦ`@h*=09Y)^Irh4Vry_TZT399Ywl084T~{Ϟ׌02{CV}1FGGz\00\n`(x%NU!Lf4\0\n5==}%7~ÅW*ӯT*i\0ES__])__ysfYVB._^#\0/zыV޽o---0:\0$±k_vPz6;;z\rFў~}llV:\0FS׼^zi8O{u\\\\nOn!\0J;$dYӞ~=U+ӯM08a}X	e8\\N{QVkO6A\0|3b4z{T*6`T\0`zzX,e~Ӟ~=nP0:T\0h4D+VӯONNW^T\0T(L!FGGM0H4@VTfˢ!Bb&@i*L妕˴z>99ٞ~3\0\02=at+Bϴrr_\"M%|~~~>GGGß>	!\n 3fffL>\ZFй\\=zګi*h6ry||	BS;Rinn.`\nΆZ\\\\L{EHYNkOn\0Kh::ӯW*ӯ	MЏBGTilVBe.MwMvo<_H/333B<ol_g1s\0}\n_4\"\\\\޳gT\0}^\nW5*U+ӯ\n }|ބVVr	s4@_,Cӯ`\'h*Ԅ*J&L,hO\nzKScqq1Φ\"듓	MZHKј\Z\0gHSU	_JRX_\0ΞpZ,MN듓y,^T\0gI{tjZ(LMp6LOOE\"ӯ?ii*h4D+	ߺ333kZګп4ZZZr<J-,,eӯlFS3HӯK{u\0o3xjXi\0p3T\'&&Lh*\n|~~~>l_3YIS̌	NJeϞ=\0fY.Ѥg_3%0<42a:177מ~}jj;T\0gdvv6b+}\'d(W~`\n KakZX,r?/T\01qa8FM@f,--_w.l`h*-..0ⴧ_rB`T\0ݙ	ǂf3PTFGG\'\'\'@\0lu婩sssi@M-zP(̤\"0BP\nqu_o6)g?V&\\SV8|>otiz=zRYXX):jt̌7h*ؿX44MjP(_߉?mM6::\Z\Zk\0MQRɄ鐖^M\nR\'\\u_}[sKT\0[\\\\,\n[\ZR\Zfff&Zv&Z^^^ԇ?:tlfǟ}.t7|XMSl /%2??_.CLNNn6u޽{wnVR^9IkjMY}cw׮]g׽TfaÞX,\rWT*UU-IK{ѡ?_e~NL^9/oy[ּP}˷YSǕWPSWlSm=b3]W^y׷pe8Gx+p.,|MBYqN8B\nYktȄZ֞~}zz]Pg3?3_|L\'*\"޽rS\"MaXT[9f=X(gM{tl;N8\roԧ>վCz\\k:K9\"5!±f^}#7FbQBF5___7%	5cccgTݪr>\'h*RSTZAk/\\,}\\H{ExG:oOկ~K_75Uk׮|\'M#\0z\0tw񦱝\"6\nnrrTX|޷o߾=]t//\'A_bwޝRHA}gG~w/׻L՛Tq%ϧD4i*RPV+g:]cY}\Z_7io211Q.Y-q:o^6>^grJW}x\'{WoM8zU_CO|,frs30Ievp!ϧԞ%\'	Ԟ0l]0{5q_o/P(D4i*RG#\'ɑSǓ\'%$ɟG^K$Mx.7\'_8|]vRRꢋ.W:ìZX8U>Cbll=W7}>::ҤHٜݿT*Dkj }Biݏ?FϜH8OO+yo~_~\'ǓV\'WVS{.-Zg<1a:,אG~@Rvj*ԁW]w^}\\.)\nj5V=G\'O<;#|gxԱXn51AqYl63Px~ߡC;TD4y	Hb8:)$pM]V_gjc$NVѣ.9gdd{~wk;Tc*.LC+˵[w߽Mk.Mx	HTzW/h2ef[]Tg?ĳO\'>z=s^TSr51l͂۬\rAx7ᅢ<m3{	Mǐ&\'\'_sϞLlzoYz޷uW}_\\><soXe}jUSmTϪ/(ү#]T*	͞7շ!C13|)ƛrzOkas:\n!ZI~t,y镛};fh3yhꆛoYsߡ\ZT	fU2Sh@jgeAϛꓗ_^x\\Ni\ZC^y<:!2!5]T|Ew~[ZZX\\ҍsӝo=8ou>OW6jGm?ȪC---u>#mb^` DC255u&[?T*j\'W}#{yϚ;66̪N$1{휜*crWw$`8LuTOݎoZU<xK޼vd|÷~Kڋl=7h&Ns:DjݎnAuWfy\'bMVb`{v|{ƛ:oRVC~3;;[*zTtOqZM0g}9Yь>򑏼կ^Wo}[ۗ˙O^:OyC>v{OqZMԦ\"dꠒU@ǯʯJ׿hBо2.7{|;G:/AaQ=	[yև<ءj/paa!\'-zvdSpY>ڇM<!W׼OJO\0⇗KPx1(6hZmO^~dOyZmZMlt;T[|tl6)Es:~AuWYYC^Ç>|>C~,7xGCLѦȴs=]_WM5M7@ֳmU/yKT\nPhaȪ?\\niiifggWݻwא5oOKW*`ev^dw珦D,^w</~~i[as5G[oYۤ ޴f6JVP	j*4U}߾}\\pfB+PVǿuS?7K>CۡYW	i?e۟=qnG^٢~c7[}冷cuH{vao퟇j:mP*Z-\"嗾+&\0[=j^xfT.MJCLǗ~Fx\'vtqW밝,!+wk!?9眳f	/x_X,+|>DΆyLZUT^F2pi$˭PN4UOy|+;RK!?>r.Xo[O]-j\\l6\\-uN{vaoŐU=i7mVm	$D[zl6kZPhk^gFGGǩe-vTWOh4;G{οnG^d㛭ܹf7^s_p=ʚ\")nӮl\rl/mfSCM@_!ZU*է%݉qÍ7]xi?k׮5Ҫt;sYsMBX~ڠm0^l?oI%3hY7==6Uh.nZnجR6kͮ٬6l5c\rjS%[~tlUnxުY%``5533\0l,Kh,`Gj߾}sssi?miE?VO]7AʍlӻG?-ۯCڛgfA՞o*Alv&I_}^~3h}kGxp]Ω8Yvtվ|ly/gcuH{YueaPڷo_T0Hj{tB\0`ai?jEݎνX7Xu-76/oX~t;e<TJPrJl{@V!Zj6;qp@y{ݎν6\\Oe㿮fk.o}f\nvІYŉ}Y&;/}Ki? |X,J.\0d ZK/77աOPϟ~lqW_X.=cuEH{Yio}wfggBZM\0	?ؙ$Ȣ?DCs%\\à\n{\rGi?.>1Mts:cGfRʯ$Ȯ?D7F/d;t(՝VSkt;jߡ)\n[+\'&&rC~jvTs%WP4jI)Slrjzz[\0C~{Í7GBe1VS<yJUhJɳ:2I:00߄}I8d><}$\"Fc*9]VmpM	VO90uofh.ȅFL_W\Z(^xZ2TYy-`\\[@\ZC><11{߹䒐L\'\\y{綾\\vT1CTFYwbV(wh=\rbqlSٜT*{]spMZ60=ߵk׳~䷍p6UYTry`~Rr\nxCzFFGGk\'Omt5d}vjBԫuX^^/&9|Wr\\ڛ.M!!ZO>>*χ:E5\Z$333i٣HSl~RG,΍=~:\"z={ӳ[O&wһ}fff\0VI\"04Nc;kW.B>K{E fggs\\Rq)`i*l6w,,[al=hܐFXFcll,T~+Y2??_,K_\04ipl,\ZT!>翐\Z|O.i-..\n?/&IhT$In7֏Or\Z\01˅o˴WT^T*|ޯwHYٜoVzy$9h4\Z]mT*io᲼\\,M\rk4\Z\\.WV^oFFv~y|qȪ7ː\n?>>^.\rI\'}ʩi?\0T\0j|/3:\0[T\0AU(B\\\">INKSlhpX#O|>`4iLOOE[[\\\\,i@h*[XXràR)&\0h\"K㣣N9MSt!4ؘ9\0۸=I!MН|>NȮfٙ$+\0gNSt^\nOU$nMlW*OVrMkKT\0jPXZZJ{E`+bT*^	\n,..2g\Z)|\nAet\0Ti<^W*|>/vB7UH]P\\Z.\0CASB>!+l6ۧ\noFSrXJ{E:SN$,T\0799Y*rvj)| \n`G\nŴWA6??r^O{]\0)KKK!N^l\0T\0;lV*q+zT*\rh*733S(|:3|tt)\08}hF=Iz4YKd+B4$>A\nП4Y555U,yvT$g\nlkпfggs\\R\0OS (\nWX,JmT\0(>EbHT&IMZV(#1zR13$@Fi*\n!^Rh4&&&r\\ZM{]\0\0l6ɲGSNMOO\0\0LXi;s)M0\04@YXXsssi;VO9et\0Kۿ+BKV.	0`4@?\nMU,}0l0,..[T\0}j~~>-,,\"īR);\0T\0kyyX,̤\"t-lQx\n5ph^.MF=I\n jZ>_ZZJ{EJ$\Z`xh*lAU(B\\\"lZ\'I7T\0r8jH_rJ)\0ȘbχmQ*|,`i*YXXrNbHT\0\n \ZF8߿+2tzR&IMSdXh1\"<11j@T\0677^Al6ۧ6A\0kh*̫BafW=9唯\'\0T\0lW*(sN\\N{VO9eE\0\0GZ-\nKKK^zȫ^*oę!Jz@T\0ky_>׿^Y\\\\,5\0ISO}S#?\rox6ئz^*SNM08wXT/~^nyyy|||tt)\0\0GѨT*{r]tsu>̈́X{5&i*ASC*z;922׽.;f3ISNp&4,JiEVI͋T\0ljr\\,C0W 4d\'Y\0\\hTW^yu_ߡCVVs4@طo>pl嘱z<cgyy9\rT\0*/[9jl6^xa^O{s04@U*VP=gl=ڋ.7\0ISdܾ}o\Zя\\~\'h\0 MIfstt+ǟ53޽`h*LVJe3l5Tfrr2MT\0T*\\}?LH]I}4hrW}k=ugkKᆻ>0&q|>`h*Lrw}#122r8IL:<y,y&I/>>-\\\\zh%yhsIw<7hUud#Oڵ+MT\0{ǟxh̉St?r\'x<}<yj%yr%i$ɵj9sOw0xZ\02EOwF&NF3\'>>uەɱVktk;TCSsv-\0SMu\"yJ;z4w##猌z_}}jh*\0zή Z]Tg?ĳO\'>z=s^TSr5\09LjuQ3_=<<>c%ֽ߲o^ݯ~$9|4y;ްp˚T\0]@&68~GNUO$?:<Mw|hH3y<q4	UuͷP\rM@ٵ\0dҚ.*;sw--,.xpCuysow{+{{SoMkȤVS=z|Cن{{qZ\02TOM@ٵ\0dҩ:T\0]@&1ۡ\09Lj5գFCSsv-\0jGnZ\02TFCSsv-\04\0}® ZMÝ뗼cuze{R4MkȤ\'N<Cc?P:6CO-MkȤV~<e=Vlu]؉\'`ص\0dR:l\\n_8lxU\rvY<7\0Ʈ Z@f]}}Oh;n~=c\04v-\0\n|l\r_svuyz^4MkȤk_r:]W\nkȤV~|?e/=/;io:\0]@&ʏbkڹiwm5Kع\'`ص\0dR+?h/Տx;;pQ=io:\0]@&{=ŮY+\\XՓ\'`ص\0dR:v^m|Fjku`ص\0dR:3\nkȤVSkt;4\0=gIJS\'Z\02)ɓM@ٵ\0dRkt;4\0=gIZ2\nkȤVS}vh*\0zή v쳷<m\09L\Z<yT\0]@&[wt\0\ZMISSSOR5J`h*Lܛmz2(=;;`h*Nc;kW.\0@\n fK;ܛ\Zh\0 MaKKKKKIhl6BPBڛ\0maa!dԟ$1;\\nt~P\0,MyfsrR,ZkhwR.\0d\n`@W*gkFٽ!,\0>M\0\0OS\0\0T\0\0\04\0\0@<M\0\0OS\0\0T\0\0\04\0\0@<M\0\0OS\0\0T\0\0\04\0\0@<M\0\0OS\0\0T\0\0\04\0\0@<M\0\0OS\0\0T\0\0\04\0\0@<M\0\0OS\0\0T\0\0\04\0\0@<M\0\0OS\0\0T\0\0\04\0\0@<M\0\0OS\0\0T\0\0\04\0\0@<M\0\0OS\0\0T\0\0\04\0\0@<M\0\0OS\0\0T\0\0\04\0\0@<M\0\0OS\0\0T\0\0\04\0\0@<M\0\0OS\0\0T\0\0\04\0\0@<M\0\0OS\0\0T\0\0\04\0\0@<M\0\0OS\0\0T\0\0\04\0\0@<M\0\0OS\0\0T\0\0\04\0\0@<M\0\0OS\0\0T\0\0\04\0\0@<M\0\0OS\0\0T\0\0\04\0\0@<M\0\0OS\0\0T\0\0\04\0\0@<M\0\0OS\0\0T\0\0\04\0\0@<M\0\0OS\0\0T\0\0\04\0\0@<M\0\0OS\0\0T\0\0\04\0\0@<M\0\0OS\0\0T\0\0\04\0\0@<M\0\0OS\0\0T\0\0\04\0\0@<M\0\0OS\0\0T\0\0\04\0\0@<M\0\0OS\0\0T\0\0\04\0\0@<M\0\0OS\0\0T\0\0\04\0\0@<M\0\0OS\0\0T\0\0\04\0\0@<M\0\0OS\0\0T\0\0\04\0\0@<M\0\0OS\0\0T\0\0\04\0\0@<M\0\0OS\0\0T\0\0\04\0\0@<M\0\0OS\0\0T\0\0\04\0\0@<M\0\0OS\0\0T\0\0\04\0\0@<M\0\0OS\0\0T\0\0\04\0\0@<M\0\0OS\0\0T\0\0\04\0\0@<M\0\0OS\0\0T\0\0\04\0\0@<M\0\0OS\0\0T\0\0\04\0\0@<M\0\0OS\0\0T\0\0\04\0\0@<M\0\0OS\0\0T\0\0\04\0\0@<M\0\0OS\0\0T\0\0\04\0\0@<M\0\0OS\0\0T\0\0\04\0\0@<M\0\0OS\0\0T\0\0\04\0\0@<M\0\0OS\0\0T\0\0\04\0\0@<M\0\0OS\0\0T\0\0\04\0\0@<M\0\0OS\0\0T\0\0\04\0\0@<M\0\0OS\0\0T\0\0\04\0\0@<M\0\0OS\0\0T\0\0\04\0\0@<M\0\0OS\0\0T\0\0\04\0\0@<M\0\0OS\0\0T\0\0\04\0\0@<M\0\0OS\0\0T\0\0\04\0\0@<M\0\0OS\0\0T\0\0\04\0\0@<M\0\0OS\0\0T\0\0\04\0\0@<M\0\0OS\0\0T\0\0\04\0\0@<M\0\0OS\0\0T\0\0\04\0\0@<M\0\0OS\0\0T\0\0\04\0\0@<M\0\0OS\0\0T\0\0\04\0\0@<M\0\0OS\0\0T\0\0\04\0\0@<M\0\0OS\0\0T\0\0\04\0\0@<M\0\0OS\0\0S!6Ke\0\0\0\0IENDB`',0),('211',1,'qjlc.bpmn','208','<?xml version=\"1.0\" encoding=\"UTF-8\"?>\n<definitions xmlns=\"http://www.omg.org/spec/BPMN/20100524/MODEL\" xmlns:xsi=\"http://www.w3.org/2001/XMLSchema-instance\" xmlns:activiti=\"http://activiti.org/bpmn\" xmlns:bpmndi=\"http://www.omg.org/spec/BPMN/20100524/DI\" xmlns:omgdc=\"http://www.omg.org/spec/DD/20100524/DC\" xmlns:omgdi=\"http://www.omg.org/spec/DD/20100524/DI\" typeLanguage=\"http://www.w3.org/2001/XMLSchema\" expressionLanguage=\"http://www.w3.org/1999/XPath\" targetNamespace=\"http://www.activiti.org/test\">\n  <process id=\"qjlc\" name=\"请假流程\" isExecutable=\"true\">\n    <startEvent id=\"startevent1\" name=\"Start\"></startEvent>\n    <userTask id=\"usertask1\" name=\"提交请假申请\" activiti:assignee=\"张三\"></userTask>\n    <userTask id=\"usertask2\" name=\"项目经理审批\" activiti:assignee=\"李四\"></userTask>\n    <userTask id=\"usertask3\" name=\"总监审批\" activiti:assignee=\"王五\"></userTask>\n    <sequenceFlow id=\"flow1\" sourceRef=\"startevent1\" targetRef=\"usertask1\"></sequenceFlow>\n    <exclusiveGateway id=\"exclusivegateway1\" name=\"Exclusive Gateway\"></exclusiveGateway>\n    <sequenceFlow id=\"flow4\" sourceRef=\"usertask1\" targetRef=\"exclusivegateway1\"></sequenceFlow>\n    <sequenceFlow id=\"flow5\" sourceRef=\"exclusivegateway1\" targetRef=\"usertask2\">\n      <conditionExpression xsi:type=\"tFormalExpression\"><![CDATA[${qjts<3}]]></conditionExpression>\n    </sequenceFlow>\n    <sequenceFlow id=\"flow6\" sourceRef=\"exclusivegateway1\" targetRef=\"usertask3\">\n      <conditionExpression xsi:type=\"tFormalExpression\"><![CDATA[${qjts>=3}]]></conditionExpression>\n    </sequenceFlow>\n    <endEvent id=\"endevent2\" name=\"End\"></endEvent>\n    <sequenceFlow id=\"flow8\" sourceRef=\"usertask3\" targetRef=\"endevent2\"></sequenceFlow>\n    <sequenceFlow id=\"flow9\" sourceRef=\"usertask2\" targetRef=\"endevent2\"></sequenceFlow>\n  </process>\n  <bpmndi:BPMNDiagram id=\"BPMNDiagram_qjlc\">\n    <bpmndi:BPMNPlane bpmnElement=\"qjlc\" id=\"BPMNPlane_qjlc\">\n      <bpmndi:BPMNShape bpmnElement=\"startevent1\" id=\"BPMNShape_startevent1\">\n        <omgdc:Bounds height=\"35.0\" width=\"35.0\" x=\"120.0\" y=\"231.0\"></omgdc:Bounds>\n      </bpmndi:BPMNShape>\n      <bpmndi:BPMNShape bpmnElement=\"usertask1\" id=\"BPMNShape_usertask1\">\n        <omgdc:Bounds height=\"55.0\" width=\"105.0\" x=\"210.0\" y=\"221.0\"></omgdc:Bounds>\n      </bpmndi:BPMNShape>\n      <bpmndi:BPMNShape bpmnElement=\"usertask2\" id=\"BPMNShape_usertask2\">\n        <omgdc:Bounds height=\"55.0\" width=\"105.0\" x=\"490.0\" y=\"110.0\"></omgdc:Bounds>\n      </bpmndi:BPMNShape>\n      <bpmndi:BPMNShape bpmnElement=\"usertask3\" id=\"BPMNShape_usertask3\">\n        <omgdc:Bounds height=\"55.0\" width=\"105.0\" x=\"490.0\" y=\"330.0\"></omgdc:Bounds>\n      </bpmndi:BPMNShape>\n      <bpmndi:BPMNShape bpmnElement=\"exclusivegateway1\" id=\"BPMNShape_exclusivegateway1\">\n        <omgdc:Bounds height=\"40.0\" width=\"40.0\" x=\"380.0\" y=\"228.0\"></omgdc:Bounds>\n      </bpmndi:BPMNShape>\n      <bpmndi:BPMNShape bpmnElement=\"endevent2\" id=\"BPMNShape_endevent2\">\n        <omgdc:Bounds height=\"35.0\" width=\"35.0\" x=\"760.0\" y=\"215.0\"></omgdc:Bounds>\n      </bpmndi:BPMNShape>\n      <bpmndi:BPMNEdge bpmnElement=\"flow1\" id=\"BPMNEdge_flow1\">\n        <omgdi:waypoint x=\"155.0\" y=\"248.0\"></omgdi:waypoint>\n        <omgdi:waypoint x=\"210.0\" y=\"248.0\"></omgdi:waypoint>\n      </bpmndi:BPMNEdge>\n      <bpmndi:BPMNEdge bpmnElement=\"flow4\" id=\"BPMNEdge_flow4\">\n        <omgdi:waypoint x=\"315.0\" y=\"248.0\"></omgdi:waypoint>\n        <omgdi:waypoint x=\"380.0\" y=\"248.0\"></omgdi:waypoint>\n      </bpmndi:BPMNEdge>\n      <bpmndi:BPMNEdge bpmnElement=\"flow5\" id=\"BPMNEdge_flow5\">\n        <omgdi:waypoint x=\"400.0\" y=\"228.0\"></omgdi:waypoint>\n        <omgdi:waypoint x=\"542.0\" y=\"165.0\"></omgdi:waypoint>\n      </bpmndi:BPMNEdge>\n      <bpmndi:BPMNEdge bpmnElement=\"flow6\" id=\"BPMNEdge_flow6\">\n        <omgdi:waypoint x=\"400.0\" y=\"268.0\"></omgdi:waypoint>\n        <omgdi:waypoint x=\"542.0\" y=\"330.0\"></omgdi:waypoint>\n      </bpmndi:BPMNEdge>\n      <bpmndi:BPMNEdge bpmnElement=\"flow8\" id=\"BPMNEdge_flow8\">\n        <omgdi:waypoint x=\"542.0\" y=\"330.0\"></omgdi:waypoint>\n        <omgdi:waypoint x=\"777.0\" y=\"250.0\"></omgdi:waypoint>\n      </bpmndi:BPMNEdge>\n      <bpmndi:BPMNEdge bpmnElement=\"flow9\" id=\"BPMNEdge_flow9\">\n        <omgdi:waypoint x=\"542.0\" y=\"165.0\"></omgdi:waypoint>\n        <omgdi:waypoint x=\"777.0\" y=\"215.0\"></omgdi:waypoint>\n      </bpmndi:BPMNEdge>\n    </bpmndi:BPMNPlane>\n  </bpmndi:BPMNDiagram>\n</definitions>',0),('212',1,'transfer2.png','208','PNG\r\n\Z\n\0\0\0\rIHDR\0\0[\0\0f\0\0\0=\0\0%IDATxl]?p?;F3OQk%Gf4U\rjXCذnU[@b֦vMG6/mVwi:i+Ikbǟ\'wz/|x%|;;uD\0\0\0H{\0\0\0R#\0\0ᒈ\0\0pID\0\0@$\"\0\0 \\\0\0.\0\0D\0\0K\"\0\0%\0\0ᒈ\0\0pID\0\0@$\"\0\0 \\\0\0.\0\0D\0\0K\"\0\0%\0\0ᒈ\0\0pID\0\0@$\"\0\0 \\\0\0.\0\0D\0\0K\"\0\0%\0\0ᒈ\0\0pID\0\0@$\"\0\0 \\\0\0.\0\0D\0\0K\"\0\0%\0\0ᒈ\0\0pID\0\0@$\"\0\0 \\\0\0.\0\0D\0\0K\"\0\0%\0\0ᒈ\0\0pID\0\0@$\"\0\0 \\\0\0.\0\0D\0\0K\"\0\0%\0\0ᒈ\0\0pID\0\0@$\"\0\0 \\\0\0.\0\0D\0\0K\"\0\0%\0\0ᒈ\0\0pID\0\0@$\"\0\0 \\\0\0.\0\0D\0\0K\"\0\0%\0\0ᒈ\0\0pID\0\0@$\"\0\0 \\\0\0.\0\0D\0\0K\"\0\0%\0\0ᒈ\0\0pID\0\0@$\"\0\0 \\\0\0.\0\0DU,w\0ȡV9ŧBZK\"`ggg1w\r\0\">UNgm``+>MNNk*|Ϝ!\0h{흝M{_$\"hTOOO|zH{G\0`:t(Ei4Dj\0T,h&\Z077+8̤#44`֭\0nnn\'Fi4DIMNN\0;ctt4搈 \07;;ӓ^@sHDM\0\n$mHD@5/mHDy\0BچDHV\0D\rji\0677ݝ^@HDH<S{\0a%I;0!B^\0@HD1@\r\'Gڃq#8DL\0Pɑ`C\"&}\0H{0!>\0pr=ǐI\0j89cHĤ\05i1$b\ZN1@\r\'Gڃq#8DL\0Pɑ`C\"&}\0H{0!>\0pr=ǐI\0j89*CCC}}}=\r\n۲F&}\0x\'\'Gڃq*SSSqн޽=z~a!̊=\rLLLl۶-Ĺ(欅I\0j89+\n^:v~ἪsQ˙OQ1@\r\'Gڃqdq_8V˖-sssi&}\0H{0lxxTpoݮ#!q\\,\'\'\'w188TME>\'snZR&}\0H{HmA(N>q}}\\?w544յuּ!~_:>xV%g~ygggn]\"&}\0H{Ha:t^q9X=ضm흞]mH܆ߨԍT###i.>\0pr=l8޵kWo%Pu\r7ܰ}b;\\&ơE/^[{.z\\}|돟=^=fwϤNR\'!]ZPx{ߛq@KIDq\Z\Z\Zi(UW/s3Qtf)z}1z|Fџq{4x|!:v.:f4W_JO	N9ٙv.!Bq =\0B\"=l8֭[*/wmz7.D.\\ů|?>wq1N-F/D-D\'.%aV\'rsB\0Td$	m8\Z\ZZ.E|\\)՜Tn_|ZXΗcO>Usߠ*˓iu?\0ʲ|6bڵk=/[^\rn7jRхяOGQtܹ踼oPty\0ZfOАC61ӟݻ[\r)+U~ɳ˧Wތu]wk~\'7dZ\0\"\'qhTqV[Vt}kJP۳Kkŋx3/oȵ?tWoFs.q5\r28֏CB\0e$kq<999888TohK!񤰸J8|Ǟ+7sя+(DAU&$qH(H\"]vF?z6moHM񆧿gfg>z`уG{=<·g:s?r-\'(j$	E\08YqLjQ*ז-[fffZw\r)%ת볟LGO1dh\0\\vN-ccc-MDw922ҺChH)TVF&ӵ!e$q}ݻw4=x%ںChDtUhea2]yމWOn޼{E\0,\'qXぁxYD/Xrsss+NF+t8X<r*Q( dġ)Z8[uxںCqȑ:ꫯi)\Zt\':q&U!IDM6{xKQ\\?ž۷(.i+`EDch8.CqƎm[_TB8S8\0DD{h8y\rHD{r\"\Z,g(`tt|Ff|UWvmUJDjdZōB|MWWPt\nE\0B\"=pÈʕgjjrF3[y]ݝ__^_s5 e$qcYw[1N\"\0!Z8ĢǶlٲ]KDW\\QYzɯگk*%5lG|>VSqj_%{CQ8$q<::zki\"׶ml!T_^\r_{Ї|<pTwkkC\'H}|^b2;T\']2	E\0@\"=puww4OMMjRx`` >n)*_OBO˗W	<\rlնS7Y`!\ru8Ŝ5ߗ_~yw	ꐈh-}sStuu5\rꛜ[K!&֊^׹%Suft5T~K%q,)СCq(:KYl)ZqƏ,h-}x-B±uV\'7jnVs7^,ۈBP8SW I(\"q\'Z;bwww+>3t~~ߐRH:z#u.]Q.͚+ofSI.ۈ/n,VCz׻\"qHD[n VN6IP\0kh/nX-1-E\0h1?~51={pf=u|r:z#+^._LpngV˖PVP$P(lٲYoP^k\r\\KszɼfW_6hٙ廴CNkCѶm\\1ky(ù8@$\"8%y{Kơ|sBݘnH)!ΪjWΣ\'%)fm\\PU\"q~ظq7o޼b8Ve3Eo%4lG˫ݾayinPTcXˡH pY8m8.\n;Ji0;/_z;ܐR`8Ī~jhm7\0+Mu-Eq쩟!\08Fb\'NeAYgO|o\\mH)0<\ZL?敜\0aI#q<??wtuu}?k_n6۶}(gD)=\ZLM\"qe$k8.8&C+~f6IDmFB8@v1&F+iP$@OqӔUɴ~(\0 hqӔѬj2;!\0(I\Zb7M)}O5ZYL\"q\0*|<{wUCɴ:C\0P-\'qH8n^aPe2-\0ZO␄q41{)zV%~\']Z+@5`7ͮ]FFnK=cq[H^\06DD{0fnnggT\ZdڭKĤ\05iq3hRJR:CCi7-)>\0pr=T,>:3Q_{{z_(KiI#8ngg\'Z8G鯥ݮ#8n8QtP-/tOOCڍjI\0j89(##}}*{|ia&}\0H{0[hzzzxw6m::\Z)Eie:L\0NN1@\r\'Gڃq#8DL\0Pɑ`C\"&}\0H{0!>\0pr=ǐI?P___www\Z律	ǿBv[F屿N1gTS{{>0+>7011m۶wnNRyo_sbgggooo|aӦM=i\ZE$\"eSP?ұUuxD9i7jW,ߗ?u7NNNkFyDAr{v~Z-[ͥݮlX,Lu?iӦȃD$\Z.-TpoݮOOJ\"?w\n\"fjjŢJR?޹i7*q[o.iE$\"eJ|O/[X<3?ټyg_~߾+ \", (SƆߨԍmTyyY梿ʉ(ȃD$L~GQ蹅碧EO/ȷhCoFOoLꋛT3i._Ec֞5ȃD$L9|r9EgGoD]wMccoFsyggNvvvݺDW7/ur=ǐI?S^=y|atq!:w.~?Qtj1z}!zm!*DCO<]ZQ2W7-;v{@|X?=	Ŀ.Ⱦ(+NU*btlt[7(\n~o|勧煥|iؓO70_7Bq\nz޽[ϑ/=!u(RWToD?>-DszO޶;?pAU+W7S޺ukw(tH>fOH]<gSCVZ^nN^>f˯xU\\;XQ=䁚UZ1o-˟db⾇>R;Ｋ斃Baw\ZR\0:^ҪP۳Kkŋ|h#/\\_oEEox}3O7ՊYWS|SC=ZxWgӦMO9{}=!u}}}ioϲ?Ty/^_~r>zcmʹbt\\=D}W7alg\\twU933;	K{/xKͪs94Gyw>p|уߟy3s˭	dEfnbCwܙ0U׽K*y:,\'!io)^~3wO1ՊYWSP>1q\ZP?y\rhT>fOHlOOO{[J+Պ9_WJۻ68glmtttc\Z+dՅWUsڿ<wmX]937E6m9dS>fOȂ;#ҊjrbNוx9tvv{xSѩg*>4J6c,(64#J+WTsܕwmL?ה8TSlWW4*\'d\r͂ҊǪՊ9_WJۻ6B7?zR{_wy>ʂ	ٱcOo񹹹TZQͫF+S+f_Jfllp͍Cq}oHS(C\'E<\nw9r|\'&&j~jEjWU*ߚ۷7-{)o|֭?h̞/SSS;vgE-R,/+?XՏZT/P[khڦjw+a_j;ߚ\'-o<>{@2{B\n83{|\n/xatUޛ쪫\Z{˭-//5x]]w~.osY}Y/q6Nk*﻽MODqU)MdPºg8UޟqW͖?PʕUF.yyêoNdon[}YծYB[	K=ڊDT~ڧnePu5TӃ%j`vv6z_jnYkV5ܾF_niej!\\o=΀YYӚ>܊DY~SȠ&STu||ҚX+巗5޹9Vׯުl䒷iѥjj_W~ۊ,NͽV{,~k*A=ǡ,oGAY=⋝###5WZvdշ)_p[w,+>hZ\r{ژ..+~[ssnJfxx|P_瞦\'g.ow͕؊ѢeGV\\-,֐68eg嶿WH&6w}ӠƊ:ٵkW0md;w7>44Ԕ&	Pibӫz+^Z9վ]oҲVyд[Hh[Z!}oΖ3MD7pCyqk@1{TXkzUov˕o+W\\X˿UV\nk\r]coz_Vъovwwpb&ơʇ|9ZiB몼=+t5wYpU+VWڭK$Gi5ڣ###\Z7onDf7(Q=V?hEJ55u߷Օs[Ӛ/m/}f^6oP|j;w6%{JS:G	P8z{	Ok.\\pw[WZ1guzWYjޔޭ6h:;;6=ZX۷oߘCFcVZs<\Z\\uk#urLiN>yʦ7!=VTϩF+W+]+muuuU\'!{x%uvvNOOoC1{Tj=WUL嵂qi3[=XrэyhT>fOjuijrbNwd噢һI\Z[J\"1{T+\Z\\u+TǛ8y]><}{o*/#1{T+fUsܕwBcǎΎlٲe\r\r\ry+\"\'@Ҋ{Պ9_WJۻomWL>̤Ш|̞\0:;;Ϟ=]PeŬb8>>Gޚ=88{nGhT|}o--V\rUVTIȿ. cjRJ^ߛfOOOڭKDW巿G?v\Z-5JNuH\"gnnggT\ZdڭKDW巿GK;.ھ=Կ@Mko!w$\" b_Ggf9Rk~~oO}i7*ܑ~vv2*^NK鯥ݮE\"rlff&^TQtP-/tOOCڍZ#ߐ+|+##}}*{|ih]WCv/Dٴ:zhxQv[Fo{kBID\0\0@$\"\0\0 \\\0\0.\0\0D\0\0K\"\0\0%\0\0ᒈ\0\0pID\0\0@$\"\0\0 \\\0\0.\0\0D\0\0K\"\0\0%\0\0ᒈ\0\0pID\0\0@$\"\0\0 \\\0\0.\0\0D\0\0K\"\0\0%\0\0ᒈ\0\0pID\0\0@$\"\0\0 \\\0\0.\0\0D\0\0K\"\0\0%\0\0ᒈ\0\0pID\0\0@$\"\0\0 \\\0\0.\0\0D\0\0K\"\0\0%\0\0ᒈ\0\0pID\0\0@$\"\0\0 \\\0\0.\0\0D\0\0K\"\0\0%\0\0ᒈ\0\0pID\0\0@$\"\0\0 \\\0\0.\0\0D\0\0K\"\0\0%\0\0ᒈ\0\0pID\0\0@$\"\0\0 \\\0\0.\0\0D\0\0K\"\0\0%\0\0ᒈ\0\0pID\0\0@$\"\0\0 \\\0\0.\0\0D\0\0K\"\0\0%\0\0ᒈ\0\0pID\0\0@$\"\0\0 \\\0\0.\0\0D\0\0K\"\0\0%\0\0ᒈ\0\0pID\0\0@$\"\0\0 \\\0\0.\0\0D\0\0K\"\0\0%\0\0ᒈ\0\0pID\0\0@$\"\0\0 \\\0\0.\0\0D\0\0K\"\0\0%\0\0ᒈ\0\0pID\0\0@$\"\0\0 \\\0\0.\0\0D\0\0K\"\0\0%\0\0ᒈ\0\0pID\0\0@$\"\0\0 \\\0\0.\0\0D\0\0K\"\0\0%\0\0ᒈ\0\0pID\0\0@$\"\0\0 \\\0\0.\0\0D\0\0K\"\0\0%\0\0ᒈ\0\0pID\0\0@$\"\0\0 \\\0\0.\0\0D\0\0K\"\0\0%\0\0ᒈ\0\0pID\0\0@$\"\0\0 \\\0\0.\0\0D\0\0+H\0\0\0\0IENDB`',0),('217',1,'var-业务数据',NULL,'\0sr\0\"com.hhy.bos.domain.WorkordermanageՆ|\0L\0actlweitt\0Ljava/lang/Double;L\0\narrivecityt\0Ljava/lang/String;L\0\nfeeitemnumt\0Ljava/lang/Integer;L\0	floadreqrq\0~\0L\0idq\0~\0L\0managerCheckq\0~\0L\0numq\0~\0L\0\rprodtimelimitq\0~\0L\0prodtypeq\0~\0L\0productq\0~\0L\0receiveraddrq\0~\0L\0receivernameq\0~\0L\0\rreceiverphoneq\0~\0L\0\nsenderaddrq\0~\0L\0\nsendernameq\0~\0L\0senderphoneq\0~\0L\0startq\0~\0L\0\nupdatetimet\0Ljava/util/Date;L\0volq\0~\0L\0weightq\0~\0xppt\0北京pt\0无t\0 8ac5995b6a6e4245016a6e4710aa0002t\00sr\0java.lang.Integer⠤8\0I\0valuexr\0java.lang.Number\0\0xp\0\0\0ppt\0手机ppppppt\01sr\0java.sql.Timestamp&Se\0I\0nanosxr\0java.util.DatehjKYt\0\0xpw\0\0jnGx\0\0\0\0psr\0java.lang.DoubleJ)k\0D\0valuexq\0~\0?\0\0\0\0\0\0',NULL),('219',1,'hist.var-业务数据',NULL,'\0sr\0\"com.hhy.bos.domain.WorkordermanageՆ|\0L\0actlweitt\0Ljava/lang/Double;L\0\narrivecityt\0Ljava/lang/String;L\0\nfeeitemnumt\0Ljava/lang/Integer;L\0	floadreqrq\0~\0L\0idq\0~\0L\0managerCheckq\0~\0L\0numq\0~\0L\0\rprodtimelimitq\0~\0L\0prodtypeq\0~\0L\0productq\0~\0L\0receiveraddrq\0~\0L\0receivernameq\0~\0L\0\rreceiverphoneq\0~\0L\0\nsenderaddrq\0~\0L\0\nsendernameq\0~\0L\0senderphoneq\0~\0L\0startq\0~\0L\0\nupdatetimet\0Ljava/util/Date;L\0volq\0~\0L\0weightq\0~\0xppt\0北京pt\0无t\0 8ac5995b6a6e4245016a6e4710aa0002t\00sr\0java.lang.Integer⠤8\0I\0valuexr\0java.lang.Number\0\0xp\0\0\0ppt\0手机ppppppt\01sr\0java.sql.Timestamp&Se\0I\0nanosxr\0java.util.DatehjKYt\0\0xpw\0\0jnGx\0\0\0\0psr\0java.lang.DoubleJ)k\0D\0valuexq\0~\0?\0\0\0\0\0\0',NULL),('302',1,'transfer2.bpmn','301','<?xml version=\"1.0\" encoding=\"UTF-8\"?>\n<definitions xmlns=\"http://www.omg.org/spec/BPMN/20100524/MODEL\" xmlns:xsi=\"http://www.w3.org/2001/XMLSchema-instance\" xmlns:activiti=\"http://activiti.org/bpmn\" xmlns:bpmndi=\"http://www.omg.org/spec/BPMN/20100524/DI\" xmlns:omgdc=\"http://www.omg.org/spec/DD/20100524/DC\" xmlns:omgdi=\"http://www.omg.org/spec/DD/20100524/DI\" typeLanguage=\"http://www.w3.org/2001/XMLSchema\" expressionLanguage=\"http://www.w3.org/1999/XPath\" targetNamespace=\"http://www.activiti.org/test\">\n  <process id=\"transfer\" name=\"物流配送流程\" isExecutable=\"true\">\n    <startEvent id=\"startevent1\" name=\"Start\"></startEvent>\n    <userTask id=\"checkWorkOrderManage\" name=\"审核工作单\" activiti:candidateGroups=\"业务员\"></userTask>\n    <sequenceFlow id=\"flow1\" sourceRef=\"startevent1\" targetRef=\"checkWorkOrderManage\"></sequenceFlow>\n    <userTask id=\"outStore\" name=\"货物出库\" activiti:candidateGroups=\"仓库管理员\"></userTask>\n    <userTask id=\"transferGoods\" name=\"货物配送\" activiti:candidateGroups=\"取派员\"></userTask>\n    <sequenceFlow id=\"flow3\" sourceRef=\"outStore\" targetRef=\"transferGoods\"></sequenceFlow>\n    <userTask id=\"receive\" name=\"配送签收\" activiti:candidateGroups=\"取派员\"></userTask>\n    <sequenceFlow id=\"flow4\" sourceRef=\"transferGoods\" targetRef=\"receive\"></sequenceFlow>\n    <endEvent id=\"endevent1\" name=\"End\"></endEvent>\n    <sequenceFlow id=\"flow5\" sourceRef=\"receive\" targetRef=\"endevent1\"></sequenceFlow>\n    <exclusiveGateway id=\"checkYesOrNo\" name=\"Exclusive Gateway\"></exclusiveGateway>\n    <sequenceFlow id=\"flow6\" sourceRef=\"checkWorkOrderManage\" targetRef=\"checkYesOrNo\"></sequenceFlow>\n    <sequenceFlow id=\"flow7\" sourceRef=\"checkYesOrNo\" targetRef=\"outStore\">\n      <conditionExpression xsi:type=\"tFormalExpression\"><![CDATA[${check==1}]]></conditionExpression>\n    </sequenceFlow>\n    <sequenceFlow id=\"flow8\" sourceRef=\"checkYesOrNo\" targetRef=\"endevent1\">\n      <conditionExpression xsi:type=\"tFormalExpression\"><![CDATA[${check==0}]]></conditionExpression>\n    </sequenceFlow>\n  </process>\n  <bpmndi:BPMNDiagram id=\"BPMNDiagram_transfer\">\n    <bpmndi:BPMNPlane bpmnElement=\"transfer\" id=\"BPMNPlane_transfer\">\n      <bpmndi:BPMNShape bpmnElement=\"startevent1\" id=\"BPMNShape_startevent1\">\n        <omgdc:Bounds height=\"35.0\" width=\"35.0\" x=\"30.0\" y=\"115.0\"></omgdc:Bounds>\n      </bpmndi:BPMNShape>\n      <bpmndi:BPMNShape bpmnElement=\"checkWorkOrderManage\" id=\"BPMNShape_checkWorkOrderManage\">\n        <omgdc:Bounds height=\"55.0\" width=\"105.0\" x=\"110.0\" y=\"110.0\"></omgdc:Bounds>\n      </bpmndi:BPMNShape>\n      <bpmndi:BPMNShape bpmnElement=\"outStore\" id=\"BPMNShape_outStore\">\n        <omgdc:Bounds height=\"55.0\" width=\"105.0\" x=\"403.0\" y=\"170.0\"></omgdc:Bounds>\n      </bpmndi:BPMNShape>\n      <bpmndi:BPMNShape bpmnElement=\"transferGoods\" id=\"BPMNShape_transferGoods\">\n        <omgdc:Bounds height=\"55.0\" width=\"105.0\" x=\"563.0\" y=\"170.0\"></omgdc:Bounds>\n      </bpmndi:BPMNShape>\n      <bpmndi:BPMNShape bpmnElement=\"receive\" id=\"BPMNShape_receive\">\n        <omgdc:Bounds height=\"55.0\" width=\"105.0\" x=\"723.0\" y=\"170.0\"></omgdc:Bounds>\n      </bpmndi:BPMNShape>\n      <bpmndi:BPMNShape bpmnElement=\"endevent1\" id=\"BPMNShape_endevent1\">\n        <omgdc:Bounds height=\"35.0\" width=\"35.0\" x=\"860.0\" y=\"180.0\"></omgdc:Bounds>\n      </bpmndi:BPMNShape>\n      <bpmndi:BPMNShape bpmnElement=\"checkYesOrNo\" id=\"BPMNShape_checkYesOrNo\">\n        <omgdc:Bounds height=\"40.0\" width=\"40.0\" x=\"250.0\" y=\"117.0\"></omgdc:Bounds>\n      </bpmndi:BPMNShape>\n      <bpmndi:BPMNEdge bpmnElement=\"flow1\" id=\"BPMNEdge_flow1\">\n        <omgdi:waypoint x=\"65.0\" y=\"132.0\"></omgdi:waypoint>\n        <omgdi:waypoint x=\"110.0\" y=\"137.0\"></omgdi:waypoint>\n      </bpmndi:BPMNEdge>\n      <bpmndi:BPMNEdge bpmnElement=\"flow3\" id=\"BPMNEdge_flow3\">\n        <omgdi:waypoint x=\"508.0\" y=\"197.0\"></omgdi:waypoint>\n        <omgdi:waypoint x=\"563.0\" y=\"197.0\"></omgdi:waypoint>\n      </bpmndi:BPMNEdge>\n      <bpmndi:BPMNEdge bpmnElement=\"flow4\" id=\"BPMNEdge_flow4\">\n        <omgdi:waypoint x=\"668.0\" y=\"197.0\"></omgdi:waypoint>\n        <omgdi:waypoint x=\"723.0\" y=\"197.0\"></omgdi:waypoint>\n      </bpmndi:BPMNEdge>\n      <bpmndi:BPMNEdge bpmnElement=\"flow5\" id=\"BPMNEdge_flow5\">\n        <omgdi:waypoint x=\"828.0\" y=\"197.0\"></omgdi:waypoint>\n        <omgdi:waypoint x=\"860.0\" y=\"197.0\"></omgdi:waypoint>\n      </bpmndi:BPMNEdge>\n      <bpmndi:BPMNEdge bpmnElement=\"flow6\" id=\"BPMNEdge_flow6\">\n        <omgdi:waypoint x=\"215.0\" y=\"137.0\"></omgdi:waypoint>\n        <omgdi:waypoint x=\"250.0\" y=\"137.0\"></omgdi:waypoint>\n      </bpmndi:BPMNEdge>\n      <bpmndi:BPMNEdge bpmnElement=\"flow7\" id=\"BPMNEdge_flow7\">\n        <omgdi:waypoint x=\"270.0\" y=\"157.0\"></omgdi:waypoint>\n        <omgdi:waypoint x=\"270.0\" y=\"197.0\"></omgdi:waypoint>\n        <omgdi:waypoint x=\"403.0\" y=\"197.0\"></omgdi:waypoint>\n      </bpmndi:BPMNEdge>\n      <bpmndi:BPMNEdge bpmnElement=\"flow8\" id=\"BPMNEdge_flow8\">\n        <omgdi:waypoint x=\"270.0\" y=\"117.0\"></omgdi:waypoint>\n        <omgdi:waypoint x=\"270.0\" y=\"80.0\"></omgdi:waypoint>\n        <omgdi:waypoint x=\"335.0\" y=\"80.0\"></omgdi:waypoint>\n        <omgdi:waypoint x=\"583.0\" y=\"80.0\"></omgdi:waypoint>\n        <omgdi:waypoint x=\"877.0\" y=\"80.0\"></omgdi:waypoint>\n        <omgdi:waypoint x=\"877.0\" y=\"180.0\"></omgdi:waypoint>\n      </bpmndi:BPMNEdge>\n    </bpmndi:BPMNPlane>\n  </bpmndi:BPMNDiagram>\n</definitions>',0),('303',1,'qjlc.png','301','PNG\r\n\Z\n\0\0\0\rIHDR\0\0q\0\0g\0\0\0X\0\08IDATx{cgapY5KHqQfRX-\".ha$Z:P\n騢0ꏢjoF#)I$af,1&k3mzϣW+>>3s>k{F\0\0\0b\0\0\0\0\0\0i*\0\0x\n\0\0 \0\0\0\0\0i*\0\0x\n\0\0 \0\0\0\0\0i*\0\0x\n\0\0 \0\0\0\0\0i*\0\0x\n\0\0 \0\0\0\0\0i*\0\0x\n\0\0 \0\0\0\0\0i*\0\0x\n\0\0 \0\0\0\0\0i*\0\0x\n\0\0 \0\0\0\0\0i*\0\0x\n\0\0 \0\0\0\0\0i*\0\0x\n\0\0 \0\0\0\0\0i*\0\0x\n\0\0 \0\0\0\0\0i*\0\0x\n\0\0 \0\0\0\0\0i*\0\0x\n\0\0 \0\0\0\0\0i*\0\0x\n\0\0 \0\0\0\0\0i*\0\0x\n\0\0 \0\0\0\0\0i*\0\0x\n\0\0 \0\0\0\0\0i*\0\0x\n\0\0 \0\0\0\0\0i*\0\0x\n\0\0 \0\0\0\0\0i*\0\0x\n\0\0 \0\0\0\0\0i*\0\0x\n\0\0 \0\0\0\0\0i*\0\0x\n\0\0 \0\0\0\0\0i*\0\0x\n\0\0 \0\0\0\0\0i*\0\0x\n\0\0 \0\0\0\0\0i*\0\0x\n\0\0 \0\0\0\0\0i*\0\0x\n\0\0 \0\0\0\0\0i*\0\0x\n\0\0 \0\0\0\0\0i*\0\0x\n\0\0 \0\0\0\0\0i*\0\0x\n\0\0 \0\0\0D٬jrX,WT*UFf`i*A077Z\"ՕW^ywбṇ.5	e`i*lk4\ZJe߾}<c㏅\n_7\0KSdX|>+pl娱ٸW_xz=`T\0VTZAk/\\\0&MUsss]rilgG?rH{04@&58|G{RڛA\02ZV*tƻ~kP/ɴ7\0FSdRT:p՗0I\"w%䎣ɭO_=ǒm&77I}.SϛTm|ڛA\02)}+Ǐ$9r2yx$pq顕䁣%fr߼VՑ!<k׮7\0FSdݻ⡕#d3\'\'N5yޛI䩕ɕ$rg=\rkȤV=G\'O<;4\Z|gxnWN&ZumwP\rM@ٵ\0dR3N5ՉgG\'+Ir32=;z5\09LjuS&?<\\r;syK^זSMumwZ\02E}ddT=\\[{+w䙣x-k;TCSsv-\0uF;BV=X+7Uw7~ѣ#f$T\r7߲C54\0=gIkν޵to;]{q7݅;|xMm4\0î ZM}pd~=Ysǡ\Z\nkȤVS=at;4\0=gIFCSsv-\0jǌnZ\02T\ZM@ٵ\0dR1\nkȤVS-M@ٵ\0dT\0	Lj5Ɔv	}ع~`ص\0dRh\'̚+7zq۬+W_,jqCSsv-\0J\Zk6[s_7]KN{0hZ\02Uv5:w}]cmx5Wvn\ntEH{0hZ\02Ut5:wY~kfk[?f7)l`ص\0dR+*~e;6_}Oguks_7\0Ʈ Rl-nY{jZL[Oص\0dR+-ew5^^-/BڛAcIdDi]\\مzɛ]qmOo\Zn`ص\0dR+-X5klo\r~%o\r/wv5M@ٵ\0dR(=V};z[,m濮=7\0Ʈ ZEq(b$N^f7XuulWu\rXv~ڛAcIvh*\0zή ZMuT\0]@&i*M@kȤ\'Oct;4\0=gIT\0]@&jvh*\0zή ZMۡ\09Lڵk׳~䷍Z\02ittvFWCSsv-\0466s3\'oYJ.K{0h4@&MMMMN?J\'+JڛA\02^rozy.cTzlȪPioC\0ȪL43wX={7#\0\0lXX$z,/_˽ѸaV\\.733h4ڎ\0dȰ|$Y46!B|a={Yނ\0\0Mm!$In7֏OrlrBPVʦ`@h*=09Y)^Irh4Vry_TZT399Ywl084T~{Ϟ׌02{CV}1FGGz\00\n`(x%NU!Lf4\0\n5==}%7~ÅW*ӯT*i\0ES__])__ysfYVB._^#\0/zыV޽o---0:\0$±k_vPz6;;z\rFў~}llV:\0FS׼^zi8O{u\\\\nOn!\0J;$dYӞ~=U+ӯM08a}X	e8\\N{QVkO6A\0|3b4z{T*6`T\0`zzX,e~Ӟ~=nP0:T\0h4D+VӯONNW^T\0T(L!FGGM0H4@VTfˢ!Bb&@i*L妕˴z>99ٞ~3\0\02=at+Bϴrr_\"M%|~~~>GGGß>	!\n 3fffL>\ZFй\\=zګi*h6ry||	BS;Rinn.`\nΆZ\\\\L{EHYNkOn\0Kh::ӯW*ӯ	MЏBGTilVBe.MwMvo<_H/333B<ol_g1s\0}\n_4\"\\\\޳gT\0}^\nW5*U+ӯ\n }|ބVVr	s4@_,Cӯ`\'h*Ԅ*J&L,hO\nzKScqq1Φ\"듓	MZHKј\Z\0gHSU	_JRX_\0ΞpZ,MN듓y,^T\0gI{tjZ(LMp6LOOE\"ӯ?ii*h4D+	ߺ333kZګп4ZZZr<J-,,eӯlFS3HӯK{u\0o3xjXi\0p3T\'&&Lh*\n|~~~>l_3YIS̌	NJeϞ=\0fY.Ѥg_3%0<42a:177מ~}jj;T\0gdvv6b+}\'d(W~`\n KakZX,r?/T\01qa8FM@f,--_w.l`h*-..0ⴧ_rB`T\0ݙ	ǂf3PTFGG\'\'\'@\0lu婩sssi@M-zP(̤\"0BP\nqu_o6)g?V&\\SV8|>otiz=zRYXX):jt̌7h*ؿX44MjP(_߉?mM6::\Z\Zk\0MQRɄ鐖^M\nR\'\\u_}[sKT\0[\\\\,\n[\ZR\Zfff&Zv&Z^^^ԇ?:tlfǟ}.t7|XMSl /%2??_.CLNNn6u޽{wnVR^9IkjMY}cw׮]g׽TfaÞX,\rWT*UU-IK{ѡ?_e~NL^9/oy[ּP}˷YSǕWPSWlSm=b3]W^y׷pe8Gx+p.,|MBYqN8B\nYktȄZ֞~}zz]Pg3?3_|L\'*\"޽rS\"MaXT[9f=X(gM{tl;N8\roԧ>վCz\\k:K9\"5!±f^}#7FbQBF5___7%	5cccgTݪr>\'h*RSTZAk/\\,}\\H{ExG:oOկ~K_75Uk׮|\'M#\0z\0tw񦱝\"6\nnrrTX|޷o߾=]t//\'A_bwޝRHA}gG~w/׻L՛Tq%ϧD4i*RPV+g:]cY}\Z_7io211Q.Y-q:o^6>^grJW}x\'{WoM8zU_CO|,frs30Ievp!ϧԞ%\'	Ԟ0l]0{5q_o/P(D4i*RG#\'ɑSǓ\'%$ɟG^K$Mx.7\'_8|]vRRꢋ.W:ìZX8U>Cbll=W7}>::ҤHٜݿT*Dkj }Biݏ?FϜH8OO+yo~_~\'ǓV\'WVS{.-Zg<1a:,אG~@Rvj*ԁW]w^}\\.)\nj5V=G\'O<;#|gxԱXn51AqYl63Px~ߡC;TD4y	Hb8:)$pM]V_gjc$NVѣ.9gdd{~wk;Tc*.LC+˵[w߽Mk.Mx	HTzW/h2ef[]Tg?ĳO\'>z=s^TSr51l͂۬\rAx7ᅢ<m3{	Mǐ&\'\'_sϞLlzoYz޷uW}_\\><soXe}jUSmTϪ/(ү#]T*	͞7շ!C13|)ƛrzOkas:\n!ZI~t,y镛};fh3yhꆛoYsߡ\ZT	fU2Sh@jgeAϛꓗ_^x\\Ni\ZC^y<:!2!5]T|Ew~[ZZX\\ҍsӝo=8ou>OW6jGm?ȪC---u>#mb^` DC255u&[?T*j\'W}#{yϚ;66̪N$1{휜*crWw$`8LuTOݎoZU<xK޼vd|÷~Kڋl=7h&Ns:DjݎnAuWfy\'bMVb`{v|{ƛ:oRVC~3;;[*zTtOqZM0g}9Yь>򑏼կ^Wo}[ۗ˙O^:OyC>v{OqZMԦ\"dꠒU@ǯʯJ׿hBо2.7{|;G:/AaQ=	[yև<ءj/paa!\'-zvdSpY>ڇM<!W׼OJO\0⇗KPx1(6hZmO^~dOyZmZMlt;T[|tl6)Es:~AuWYYC^Ç>|>C~,7xGCLѦȴs=]_WM5M7@ֳmU/yKT\nPhaȪ?\\niiifggWݻwא5oOKW*`ev^dw珦D,^w</~~i[as5G[oYۤ ޴f6JVP	j*4U}߾}\\pfB+PVǿuS?7K>CۡYW	i?e۟=qnG^٢~c7[}冷cuH{vao퟇j:mP*Z-\"嗾+&\0[=j^xfT.MJCLǗ~Fx\'vtqW밝,!+wk!?9眳f	/x_X,+|>DΆyLZUT^F2pi$˭PN4UOy|+;RK!?>r.Xo[O]-j\\l6\\-uN{vaoŐU=i7mVm	$D[zl6kZPhk^gFGGǩe-vTWOh4;G{οnG^d㛭ܹf7^s_p=ʚ\")nӮl\rl/mfSCM@_!ZU*է%݉qÍ7]xi?k׮5Ҫt;sYsMBX~ڠm0^l?oI%3hY7==6Uh.nZnجR6kͮ٬6l5c\rjS%[~tlUnxުY%``5533\0l,Kh,`Gj߾}sssi?miE?VO]7AʍlӻG?-ۯCڛgfA՞o*Alv&I_}^~3h}kGxp]Ω8Yvtվ|ly/gcuH{YueaPڷo_T0Hj{tB\0`ai?jEݎνX7Xu-76/oX~t;e<TJPrJl{@V!Zj6;qp@y{ݎν6\\Oe㿮fk.o}f\nvІYŉ}Y&;/}Ki? |X,J.\0d ZK/77աOPϟ~lqW_X.=cuEH{Yio}wfggBZM\0	?ؙ$Ȣ?DCs%\\à\n{\rGi?.>1Mts:cGfRʯ$Ȯ?D7F/d;t(՝VSkt;jߡ)\n[+\'&&rC~jvTs%WP4jI)Slrjzz[\0C~{Í7GBe1VS<yJUhJɳ:2I:00߄}I8d><}$\"Fc*9]VmpM	VO90uofh.ȅFL_W\Z(^xZ2TYy-`\\[@\ZC><11{߹䒐L\'\\y{綾\\vT1CTFYwbV(wh=\rbqlSٜT*{]spMZ60=ߵk׳~䷍p6UYTry`~Rr\nxCzFFGGk\'Omt5d}vjBԫuX^^/&9|Wr\\ڛ.M!!ZO>>*χ:E5\Z$333i٣HSl~RG,΍=~:\"z={ӳ[O&wһ}fff\0VI\"04Nc;kW.B>K{E fggs\\Rq)`i*l6w,,[al=hܐFXFcll,T~+Y2??_,K_\04ipl,\ZT!>翐\Z|O.i-..\n?/&IhT$In7֏Or\Z\01˅o˴WT^T*|ޯwHYٜoVzy$9h4\Z]mT*io᲼\\,M\rk4\Z\\.WV^oFFv~y|qȪ7ː\n?>>^.\rI\'}ʩi?\0T\0j|/3:\0[T\0AU(B\\\">INKSlhpX#O|>`4iLOOE[[\\\\,i@h*[XXràR)&\0h\"K㣣N9MSt!4ؘ9\0۸=I!MН|>NȮfٙ$+\0gNSt^\nOU$nMlW*OVrMkKT\0jPXZZJ{E`+bT*^	\n,..2g\Z)|\nAet\0Ti<^W*|>/vB7UH]P\\Z.\0CASB>!+l6ۧ\noFSrXJ{E:SN$,T\0799Y*rvj)| \n`G\nŴWA6??r^O{]\0)KKK!N^l\0T\0;lV*q+zT*\rh*733S(|:3|tt)\08}hF=Iz4YKd+B4$>A\nП4Y555U,yvT$g\nlkпfggs\\R\0OS (\nWX,JmT\0(>EbHT&IMZV(#1zR13$@Fi*\n!^Rh4&&&r\\ZM{]\0\0l6ɲGSNMOO\0\0LXi;s)M0\04@YXXsssi;VO9et\0Kۿ+BKV.	0`4@?\nMU,}0l0,..[T\0}j~~>-,,\"īR);\0T\0kyyX,̤\"t-lQx\n5ph^.MF=I\n jZ>_ZZJ{EJ$\Z`xh*lAU(B\\\"lZ\'I7T\0r8jH_rJ)\0ȘbχmQ*|,`i*YXXrNbHT\0\n \ZF8߿+2tzR&IMSdXh1\"<11j@T\0677^Al6ۧ6A\0kh*̫BafW=9唯\'\0T\0lW*(sN\\N{VO9eE\0\0GZ-\nKKK^zȫ^*oę!Jz@T\0ky_>׿^Y\\\\,5\0ISO}S#?\rox6ئz^*SNM08wXT/~^nyyy|||tt)\0\0GѨT*{r]tsu>̈́X{5&i*ASC*z;922׽.;f3ISNp&4,JiEVI͋T\0ljr\\,C0W 4d\'Y\0\\hTW^yu_ߡCVVs4@طo>pl嘱z<cgyy9\rT\0*/[9jl6^xa^O{s04@U*VP=gl=ڋ.7\0ISdܾ}o\Zя\\~\'h\0 MIfstt+ǟ53޽`h*LVJe3l5Tfrr2MT\0T*\\}?LH]I}4hrW}k=ugkKᆻ>0&q|>`h*Lrw}#122r8IL:<y,y&I/>>-\\\\zh%yhsIw<7hUud#Oڵ+MT\0{ǟxh̉St?r\'x<}<yj%yr%i$ɵj9sOw0xZ\02EOwF&NF3\'>>uەɱVktk;TCSsv-\0SMu\"yJ;z4w##猌z_}}jh*\0zή Z]Tg?ĳO\'>z=s^TSr5\09LjuQ3_=<<>c%ֽ߲o^ݯ~$9|4y;ްp˚T\0]@&68~GNUO$?:<Mw|hH3y<q4	UuͷP\rM@ٵ\0dҚ.*;sw--,.xpCuysow{+{{SoMkȤVS=z|Cن{{qZ\02TOM@ٵ\0dҩ:T\0]@&1ۡ\09Lj5գFCSsv-\0jGnZ\02TFCSsv-\04\0}® ZMÝ뗼cuze{R4MkȤ\'N<Cc?P:6CO-MkȤV~<e=Vlu]؉\'`ص\0dR:l\\n_8lxU\rvY<7\0Ʈ Z@f]}}Oh;n~=c\04v-\0\n|l\r_svuyz^4MkȤk_r:]W\nkȤV~|?e/=/;io:\0]@&ʏbkڹiwm5Kع\'`ص\0dR+?h/Տx;;pQ=io:\0]@&{=ŮY+\\XՓ\'`ص\0dR:v^m|Fjku`ص\0dR:3\nkȤVSkt;4\0=gIJS\'Z\02)ɓM@ٵ\0dRkt;4\0=gIZ2\nkȤVS}vh*\0zή v쳷<m\09L\Z<yT\0]@&[wt\0\ZMISSSOR5J`h*Lܛmz2(=;;`h*Nc;kW.\0@\n fK;ܛ\Zh\0 MaKKKKKIhl6BPBڛ\0maa!dԟ$1;\\nt~P\0,MyfsrR,ZkhwR.\0d\n`@W*gkFٽ!,\0>M\0\0OS\0\0T\0\0\04\0\0@<M\0\0OS\0\0T\0\0\04\0\0@<M\0\0OS\0\0T\0\0\04\0\0@<M\0\0OS\0\0T\0\0\04\0\0@<M\0\0OS\0\0T\0\0\04\0\0@<M\0\0OS\0\0T\0\0\04\0\0@<M\0\0OS\0\0T\0\0\04\0\0@<M\0\0OS\0\0T\0\0\04\0\0@<M\0\0OS\0\0T\0\0\04\0\0@<M\0\0OS\0\0T\0\0\04\0\0@<M\0\0OS\0\0T\0\0\04\0\0@<M\0\0OS\0\0T\0\0\04\0\0@<M\0\0OS\0\0T\0\0\04\0\0@<M\0\0OS\0\0T\0\0\04\0\0@<M\0\0OS\0\0T\0\0\04\0\0@<M\0\0OS\0\0T\0\0\04\0\0@<M\0\0OS\0\0T\0\0\04\0\0@<M\0\0OS\0\0T\0\0\04\0\0@<M\0\0OS\0\0T\0\0\04\0\0@<M\0\0OS\0\0T\0\0\04\0\0@<M\0\0OS\0\0T\0\0\04\0\0@<M\0\0OS\0\0T\0\0\04\0\0@<M\0\0OS\0\0T\0\0\04\0\0@<M\0\0OS\0\0T\0\0\04\0\0@<M\0\0OS\0\0T\0\0\04\0\0@<M\0\0OS\0\0T\0\0\04\0\0@<M\0\0OS\0\0T\0\0\04\0\0@<M\0\0OS\0\0T\0\0\04\0\0@<M\0\0OS\0\0T\0\0\04\0\0@<M\0\0OS\0\0T\0\0\04\0\0@<M\0\0OS\0\0T\0\0\04\0\0@<M\0\0OS\0\0T\0\0\04\0\0@<M\0\0OS\0\0T\0\0\04\0\0@<M\0\0OS\0\0T\0\0\04\0\0@<M\0\0OS\0\0T\0\0\04\0\0@<M\0\0OS\0\0T\0\0\04\0\0@<M\0\0OS\0\0T\0\0\04\0\0@<M\0\0OS\0\0T\0\0\04\0\0@<M\0\0OS\0\0T\0\0\04\0\0@<M\0\0OS\0\0T\0\0\04\0\0@<M\0\0OS\0\0T\0\0\04\0\0@<M\0\0OS\0\0T\0\0\04\0\0@<M\0\0OS\0\0T\0\0\04\0\0@<M\0\0OS\0\0T\0\0\04\0\0@<M\0\0OS\0\0T\0\0\04\0\0@<M\0\0OS\0\0T\0\0\04\0\0@<M\0\0OS\0\0T\0\0\04\0\0@<M\0\0OS\0\0T\0\0\04\0\0@<M\0\0OS\0\0T\0\0\04\0\0@<M\0\0OS\0\0T\0\0\04\0\0@<M\0\0OS\0\0T\0\0\04\0\0@<M\0\0OS\0\0T\0\0\04\0\0@<M\0\0OS\0\0T\0\0\04\0\0@<M\0\0OS\0\0T\0\0\04\0\0@<M\0\0OS\0\0T\0\0\04\0\0@<M\0\0OS\0\0T\0\0\04\0\0@<M\0\0OS\0\0T\0\0\04\0\0@<M\0\0OS\0\0S!6Ke\0\0\0\0IENDB`',0),('304',1,'qjlc.bpmn','301','<?xml version=\"1.0\" encoding=\"UTF-8\"?>\n<definitions xmlns=\"http://www.omg.org/spec/BPMN/20100524/MODEL\" xmlns:xsi=\"http://www.w3.org/2001/XMLSchema-instance\" xmlns:activiti=\"http://activiti.org/bpmn\" xmlns:bpmndi=\"http://www.omg.org/spec/BPMN/20100524/DI\" xmlns:omgdc=\"http://www.omg.org/spec/DD/20100524/DC\" xmlns:omgdi=\"http://www.omg.org/spec/DD/20100524/DI\" typeLanguage=\"http://www.w3.org/2001/XMLSchema\" expressionLanguage=\"http://www.w3.org/1999/XPath\" targetNamespace=\"http://www.activiti.org/test\">\n  <process id=\"qjlc\" name=\"请假流程\" isExecutable=\"true\">\n    <startEvent id=\"startevent1\" name=\"Start\"></startEvent>\n    <userTask id=\"usertask1\" name=\"提交请假申请\" activiti:assignee=\"张三\"></userTask>\n    <userTask id=\"usertask2\" name=\"项目经理审批\" activiti:assignee=\"李四\"></userTask>\n    <userTask id=\"usertask3\" name=\"总监审批\" activiti:assignee=\"王五\"></userTask>\n    <sequenceFlow id=\"flow1\" sourceRef=\"startevent1\" targetRef=\"usertask1\"></sequenceFlow>\n    <exclusiveGateway id=\"exclusivegateway1\" name=\"Exclusive Gateway\"></exclusiveGateway>\n    <sequenceFlow id=\"flow4\" sourceRef=\"usertask1\" targetRef=\"exclusivegateway1\"></sequenceFlow>\n    <sequenceFlow id=\"flow5\" sourceRef=\"exclusivegateway1\" targetRef=\"usertask2\">\n      <conditionExpression xsi:type=\"tFormalExpression\"><![CDATA[${qjts<3}]]></conditionExpression>\n    </sequenceFlow>\n    <sequenceFlow id=\"flow6\" sourceRef=\"exclusivegateway1\" targetRef=\"usertask3\">\n      <conditionExpression xsi:type=\"tFormalExpression\"><![CDATA[${qjts>=3}]]></conditionExpression>\n    </sequenceFlow>\n    <endEvent id=\"endevent2\" name=\"End\"></endEvent>\n    <sequenceFlow id=\"flow8\" sourceRef=\"usertask3\" targetRef=\"endevent2\"></sequenceFlow>\n    <sequenceFlow id=\"flow9\" sourceRef=\"usertask2\" targetRef=\"endevent2\"></sequenceFlow>\n  </process>\n  <bpmndi:BPMNDiagram id=\"BPMNDiagram_qjlc\">\n    <bpmndi:BPMNPlane bpmnElement=\"qjlc\" id=\"BPMNPlane_qjlc\">\n      <bpmndi:BPMNShape bpmnElement=\"startevent1\" id=\"BPMNShape_startevent1\">\n        <omgdc:Bounds height=\"35.0\" width=\"35.0\" x=\"120.0\" y=\"231.0\"></omgdc:Bounds>\n      </bpmndi:BPMNShape>\n      <bpmndi:BPMNShape bpmnElement=\"usertask1\" id=\"BPMNShape_usertask1\">\n        <omgdc:Bounds height=\"55.0\" width=\"105.0\" x=\"210.0\" y=\"221.0\"></omgdc:Bounds>\n      </bpmndi:BPMNShape>\n      <bpmndi:BPMNShape bpmnElement=\"usertask2\" id=\"BPMNShape_usertask2\">\n        <omgdc:Bounds height=\"55.0\" width=\"105.0\" x=\"490.0\" y=\"110.0\"></omgdc:Bounds>\n      </bpmndi:BPMNShape>\n      <bpmndi:BPMNShape bpmnElement=\"usertask3\" id=\"BPMNShape_usertask3\">\n        <omgdc:Bounds height=\"55.0\" width=\"105.0\" x=\"490.0\" y=\"330.0\"></omgdc:Bounds>\n      </bpmndi:BPMNShape>\n      <bpmndi:BPMNShape bpmnElement=\"exclusivegateway1\" id=\"BPMNShape_exclusivegateway1\">\n        <omgdc:Bounds height=\"40.0\" width=\"40.0\" x=\"380.0\" y=\"228.0\"></omgdc:Bounds>\n      </bpmndi:BPMNShape>\n      <bpmndi:BPMNShape bpmnElement=\"endevent2\" id=\"BPMNShape_endevent2\">\n        <omgdc:Bounds height=\"35.0\" width=\"35.0\" x=\"760.0\" y=\"215.0\"></omgdc:Bounds>\n      </bpmndi:BPMNShape>\n      <bpmndi:BPMNEdge bpmnElement=\"flow1\" id=\"BPMNEdge_flow1\">\n        <omgdi:waypoint x=\"155.0\" y=\"248.0\"></omgdi:waypoint>\n        <omgdi:waypoint x=\"210.0\" y=\"248.0\"></omgdi:waypoint>\n      </bpmndi:BPMNEdge>\n      <bpmndi:BPMNEdge bpmnElement=\"flow4\" id=\"BPMNEdge_flow4\">\n        <omgdi:waypoint x=\"315.0\" y=\"248.0\"></omgdi:waypoint>\n        <omgdi:waypoint x=\"380.0\" y=\"248.0\"></omgdi:waypoint>\n      </bpmndi:BPMNEdge>\n      <bpmndi:BPMNEdge bpmnElement=\"flow5\" id=\"BPMNEdge_flow5\">\n        <omgdi:waypoint x=\"400.0\" y=\"228.0\"></omgdi:waypoint>\n        <omgdi:waypoint x=\"542.0\" y=\"165.0\"></omgdi:waypoint>\n      </bpmndi:BPMNEdge>\n      <bpmndi:BPMNEdge bpmnElement=\"flow6\" id=\"BPMNEdge_flow6\">\n        <omgdi:waypoint x=\"400.0\" y=\"268.0\"></omgdi:waypoint>\n        <omgdi:waypoint x=\"542.0\" y=\"330.0\"></omgdi:waypoint>\n      </bpmndi:BPMNEdge>\n      <bpmndi:BPMNEdge bpmnElement=\"flow8\" id=\"BPMNEdge_flow8\">\n        <omgdi:waypoint x=\"542.0\" y=\"330.0\"></omgdi:waypoint>\n        <omgdi:waypoint x=\"777.0\" y=\"250.0\"></omgdi:waypoint>\n      </bpmndi:BPMNEdge>\n      <bpmndi:BPMNEdge bpmnElement=\"flow9\" id=\"BPMNEdge_flow9\">\n        <omgdi:waypoint x=\"542.0\" y=\"165.0\"></omgdi:waypoint>\n        <omgdi:waypoint x=\"777.0\" y=\"215.0\"></omgdi:waypoint>\n      </bpmndi:BPMNEdge>\n    </bpmndi:BPMNPlane>\n  </bpmndi:BPMNDiagram>\n</definitions>',0),('305',1,'transfer2.png','301','PNG\r\n\Z\n\0\0\0\rIHDR\0\0[\0\0f\0\0\0=\0\0%IDATxl]?p?;F3OQk%Gf4U\rjXCذnU[@b֦vMG6/mVwi:i+Ikbǟ\'wz/|x%|;;uD\0\0\0H{\0\0\0R#\0\0ᒈ\0\0pID\0\0@$\"\0\0 \\\0\0.\0\0D\0\0K\"\0\0%\0\0ᒈ\0\0pID\0\0@$\"\0\0 \\\0\0.\0\0D\0\0K\"\0\0%\0\0ᒈ\0\0pID\0\0@$\"\0\0 \\\0\0.\0\0D\0\0K\"\0\0%\0\0ᒈ\0\0pID\0\0@$\"\0\0 \\\0\0.\0\0D\0\0K\"\0\0%\0\0ᒈ\0\0pID\0\0@$\"\0\0 \\\0\0.\0\0D\0\0K\"\0\0%\0\0ᒈ\0\0pID\0\0@$\"\0\0 \\\0\0.\0\0D\0\0K\"\0\0%\0\0ᒈ\0\0pID\0\0@$\"\0\0 \\\0\0.\0\0D\0\0K\"\0\0%\0\0ᒈ\0\0pID\0\0@$\"\0\0 \\\0\0.\0\0D\0\0K\"\0\0%\0\0ᒈ\0\0pID\0\0@$\"\0\0 \\\0\0.\0\0D\0\0K\"\0\0%\0\0ᒈ\0\0pID\0\0@$\"\0\0 \\\0\0.\0\0DU,w\0ȡV9ŧBZK\"`ggg1w\r\0\">UNgm``+>MNNk*|Ϝ!\0h{흝M{_$\"hTOOO|zH{G\0`:t(Ei4Dj\0T,h&\Z077+8̤#44`֭\0nnn\'Fi4DIMNN\0;ctt4搈 \07;;ӓ^@sHDM\0\n$mHD@5/mHDy\0BچDHV\0D\rji\0677ݝ^@HDH<S{\0a%I;0!B^\0@HD1@\r\'Gڃq#8DL\0Pɑ`C\"&}\0H{0!>\0pr=ǐI\0j89cHĤ\05i1$b\ZN1@\r\'Gڃq#8DL\0Pɑ`C\"&}\0H{0!>\0pr=ǐI\0j89*CCC}}}=\r\n۲F&}\0x\'\'Gڃq*SSSqн޽=z~a!̊=\rLLLl۶-Ĺ(欅I\0j89+\n^:v~ἪsQ˙OQ1@\r\'Gڃqdq_8V˖-sssi&}\0H{0lxxTpoݮ#!q\\,\'\'\'w188TME>\'snZR&}\0H{HmA(N>q}}\\?w544յuּ!~_:>xV%g~ygggn]\"&}\0H{Ha:t^q9X=ضm흞]mH܆ߨԍT###i.>\0pr=l8޵kWo%Pu\r7ܰ}b;\\&ơE/^[{.z\\}|돟=^=fwϤNR\'!]ZPx{ߛq@KIDq\Z\Z\Zi(UW/s3Qtf)z}1z|Fџq{4x|!:v.:f4W_JO	N9ٙv.!Bq =\0B\"=l8֭[*/wmz7.D.\\ů|?>wq1N-F/D-D\'.%aV\'rsB\0Td$	m8\Z\ZZ.E|\\)՜Tn_|ZXΗcO>Usߠ*˓iu?\0ʲ|6bڵk=/[^\rn7jRхяOGQtܹ踼oPty\0ZfOАC61ӟݻ[\r)+U~ɳ˧Wތu]wk~\'7dZ\0\"\'qhTqV[Vt}kJP۳Kkŋx3/oȵ?tWoFs.q5\r28֏CB\0e$kq<999888TohK!񤰸J8|Ǟ+7sя+(DAU&$qH(H\"]vF?z6moHM񆧿gfg>z`уG{=<·g:s?r-\'(j$	E\08YqLjQ*ז-[fffZw\r)%ת볟LGO1dh\0\\vN-ccc-MDw922ҺChH)TVF&ӵ!e$q}ݻw4=x%ںChDtUhea2]yމWOn޼{E\0,\'qXぁxYD/Xrsss+NF+t8X<r*Q( dġ)Z8[uxںCqȑ:ꫯi)\Zt\':q&U!IDM6{xKQ\\?ž۷(.i+`EDch8.CqƎm[_TB8S8\0DD{h8y\rHD{r\"\Z,g(`tt|Ff|UWvmUJDjdZōB|MWWPt\nE\0B\"=pÈʕgjjrF3[y]ݝ__^_s5 e$qcYw[1N\"\0!Z8ĢǶlٲ]KDW\\QYzɯگk*%5lG|>VSqj_%{CQ8$q<::zki\"׶ml!T_^\r_{Ї|<pTwkkC\'H}|^b2;T\']2	E\0@\"=puww4OMMjRx`` >n)*_OBO˗W	<\rlնS7Y`!\ru8Ŝ5ߗ_~yw	ꐈh-}sStuu5\rꛜ[K!&֊^׹%Suft5T~K%q,)СCq(:KYl)ZqƏ,h-}x-B±uV\'7jnVs7^,ۈBP8SW I(\"q\'Z;bwww+>3t~~ߐRH:z#u.]Q.͚+ofSI.ۈ/n,VCz׻\"qHD[n VN6IP\0kh/nX-1-E\0h1?~51={pf=u|r:z#+^._LpngV˖PVP$P(lٲYoP^k\r\\KszɼfW_6hٙ廴CNkCѶm\\1ky(ù8@$\"8%y{Kơ|sBݘnH)!ΪjWΣ\'%)fm\\PU\"q~ظq7o޼b8Ve3Eo%4lG˫ݾayinPTcXˡH pY8m8.\n;Ji0;/_z;ܐR`8Ī~jhm7\0+Mu-Eq쩟!\08Fb\'NeAYgO|o\\mH)0<\ZL?敜\0aI#q<??wtuu}?k_n6۶}(gD)=\ZLM\"qe$k8.8&C+~f6IDmFB8@v1&F+iP$@OqӔUɴ~(\0 hqӔѬj2;!\0(I\Zb7M)}O5ZYL\"q\0*|<{wUCɴ:C\0P-\'qH8n^aPe2-\0ZO␄q41{)zV%~\']Z+@5`7ͮ]FFnK=cq[H^\06DD{0fnnggT\ZdڭKĤ\05iq3hRJR:CCi7-)>\0pr=T,>:3Q_{{z_(KiI#8ngg\'Z8G鯥ݮ#8n8QtP-/tOOCڍjI\0j89(##}}*{|ia&}\0H{0[hzzzxw6m::\Z)Eie:L\0NN1@\r\'Gڃq#8DL\0Pɑ`C\"&}\0H{0!>\0pr=ǐI?P___www\Z律	ǿBv[F屿N1gTS{{>0+>7011m۶wnNRyo_sbgggooo|aӦM=i\ZE$\"eSP?ұUuxD9i7jW,ߗ?u7NNNkFyDAr{v~Z-[ͥݮlX,Lu?iӦȃD$\Z.-TpoݮOOJ\"?w\n\"fjjŢJR?޹i7*q[o.iE$\"eJ|O/[X<3?ټyg_~߾+ \", (SƆߨԍmTyyY梿ʉ(ȃD$L~GQ蹅碧EO/ȷhCoFOoLꋛT3i._Ec֞5ȃD$L9|r9EgGoD]wMccoFsyggNvvvݺDW7/ur=ǐI?S^=y|atq!:w.~?Qtj1z}!zm!*DCO<]ZQ2W7-;v{@|X?=	Ŀ.Ⱦ(+NU*btlt[7(\n~o|勧煥|iؓO70_7Bq\nz޽[ϑ/=!u(RWToD?>-DszO޶;?pAU+W7S޺ukw(tH>fOH]<gSCVZ^nN^>f˯xU\\;XQ=䁚UZ1o-˟db⾇>R;Ｋ斃Baw\ZR\0:^ҪP۳Kkŋ|h#/\\_oEEox}3O7ՊYWS|SC=ZxWgӦMO9{}=!u}}}ioϲ?Ty/^_~r>zcmʹbt\\=D}W7alg\\twU933;	K{/xKͪs94Gyw>p|уߟy3s˭	dEfnbCwܙ0U׽K*y:,\'!io)^~3wO1ՊYWSP>1q\ZP?y\rhT>fOHlOOO{[J+Պ9_WJۻ68glmtttc\Z+dՅWUsڿ<wmX]937E6m9dS>fOȂ;#ҊjrbNוx9tvv{xSѩg*>4J6c,(64#J+WTsܕwmL?ה8TSlWW4*\'d\r͂ҊǪՊ9_WJۻ6B7?zR{_wy>ʂ	ٱcOo񹹹TZQͫF+S+f_Jfllp͍Cq}oHS(C\'E<\nw9r|\'&&j~jEjWU*ߚ۷7-{)o|֭?h̞/SSS;vgE-R,/+?XՏZT/P[khڦjw+a_j;ߚ\'-o<>{@2{B\n83{|\n/xatUޛ쪫\Z{˭-//5x]]w~.osY}Y/q6Nk*﻽MODqU)MdPºg8UޟqW͖?PʕUF.yyêoNdon[}YծYB[	K=ڊDT~ڧnePu5TӃ%j`vv6z_jnYkV5ܾF_niej!\\o=΀YYӚ>܊DY~SȠ&STu||ҚX+巗5޹9Vׯުl䒷iѥjj_W~ۊ,NͽV{,~k*A=ǡ,oGAY=⋝###5WZvdշ)_p[w,+>hZ\r{ژ..+~[ssnJfxx|P_瞦\'g.ow͕؊ѢeGV\\-,֐68eg嶿WH&6w}ӠƊ:ٵkW0md;w7>44Ԕ&	Pibӫz+^Z9վ]oҲVyд[Hh[Z!}oΖ3MD7pCyqk@1{TXkzUov˕o+W\\X˿UV\nk\r]coz_Vъovwwpb&ơʇ|9ZiB몼=+t5wYpU+VWڭK$Gi5ڣ###\Z7onDf7(Q=V?hEJ55u߷Օs[Ӛ/m/}f^6oP|j;w6%{JS:G	P8z{	Ok.\\pw[WZ1guzWYjޔޭ6h:;;6=ZX۷oߘCFcVZs<\Z\\uk#urLiN>yʦ7!=VTϩF+W+]+muuuU\'!{x%uvvNOOoC1{Tj=WUL嵂qi3[=XrэyhT>fOjuijrbNwd噢һI\Z[J\"1{T+\Z\\u+TǛ8y]><}{o*/#1{T+fUsܕwBcǎΎlٲe\r\r\ry+\"\'@Ҋ{Պ9_WJۻomWL>̤Ш|̞\0:;;Ϟ=]PeŬb8>>Gޚ=88{nGhT|}o--V\rUVTIȿ. cjRJ^ߛfOOOڭKDW巿G?v\Z-5JNuH\"gnnggT\ZdڭKDW巿GK;.ھ=Կ@Mko!w$\" b_Ggf9Rk~~oO}i7*ܑ~vv2*^NK鯥ݮE\"rlff&^TQtP-/tOOCڍZ#ߐ+|+##}}*{|ih]WCv/Dٴ:zhxQv[Fo{kBID\0\0@$\"\0\0 \\\0\0.\0\0D\0\0K\"\0\0%\0\0ᒈ\0\0pID\0\0@$\"\0\0 \\\0\0.\0\0D\0\0K\"\0\0%\0\0ᒈ\0\0pID\0\0@$\"\0\0 \\\0\0.\0\0D\0\0K\"\0\0%\0\0ᒈ\0\0pID\0\0@$\"\0\0 \\\0\0.\0\0D\0\0K\"\0\0%\0\0ᒈ\0\0pID\0\0@$\"\0\0 \\\0\0.\0\0D\0\0K\"\0\0%\0\0ᒈ\0\0pID\0\0@$\"\0\0 \\\0\0.\0\0D\0\0K\"\0\0%\0\0ᒈ\0\0pID\0\0@$\"\0\0 \\\0\0.\0\0D\0\0K\"\0\0%\0\0ᒈ\0\0pID\0\0@$\"\0\0 \\\0\0.\0\0D\0\0K\"\0\0%\0\0ᒈ\0\0pID\0\0@$\"\0\0 \\\0\0.\0\0D\0\0K\"\0\0%\0\0ᒈ\0\0pID\0\0@$\"\0\0 \\\0\0.\0\0D\0\0K\"\0\0%\0\0ᒈ\0\0pID\0\0@$\"\0\0 \\\0\0.\0\0D\0\0K\"\0\0%\0\0ᒈ\0\0pID\0\0@$\"\0\0 \\\0\0.\0\0D\0\0K\"\0\0%\0\0ᒈ\0\0pID\0\0@$\"\0\0 \\\0\0.\0\0D\0\0K\"\0\0%\0\0ᒈ\0\0pID\0\0@$\"\0\0 \\\0\0.\0\0D\0\0K\"\0\0%\0\0ᒈ\0\0pID\0\0@$\"\0\0 \\\0\0.\0\0D\0\0K\"\0\0%\0\0ᒈ\0\0pID\0\0@$\"\0\0 \\\0\0.\0\0D\0\0K\"\0\0%\0\0ᒈ\0\0pID\0\0@$\"\0\0 \\\0\0.\0\0D\0\0+H\0\0\0\0IENDB`',0),('310',1,'var-业务数据',NULL,'\0sr\0\"com.hhy.bos.domain.WorkordermanageՆ|\0L\0actlweitt\0Ljava/lang/Double;L\0\narrivecityt\0Ljava/lang/String;L\0\nfeeitemnumt\0Ljava/lang/Integer;L\0	floadreqrq\0~\0L\0idq\0~\0L\0managerCheckq\0~\0L\0numq\0~\0L\0\rprodtimelimitq\0~\0L\0prodtypeq\0~\0L\0productq\0~\0L\0receiveraddrq\0~\0L\0receivernameq\0~\0L\0\rreceiverphoneq\0~\0L\0\nsenderaddrq\0~\0L\0\nsendernameq\0~\0L\0senderphoneq\0~\0L\0startq\0~\0L\0\nupdatetimet\0Ljava/util/Date;L\0volq\0~\0L\0weightq\0~\0xppt\0厦门pt\0无t\0 8ac5995b6a71359c016a713b73ea0000t\00sr\0java.lang.Integer⠤8\0I\0valuexr\0java.lang.Number\0\0xp\0\0\0ppt\0手机ppppppt\01sr\0java.sql.Timestamp&Se\0I\0nanosxr\0java.util.DatehjKYt\0\0xpw\0\0jq;px\0\0\0\0psr\0java.lang.DoubleJ)k\0D\0valuexq\0~\0?\0\0\0\0\0\0',NULL),('312',1,'hist.var-业务数据',NULL,'\0sr\0\"com.hhy.bos.domain.WorkordermanageՆ|\0L\0actlweitt\0Ljava/lang/Double;L\0\narrivecityt\0Ljava/lang/String;L\0\nfeeitemnumt\0Ljava/lang/Integer;L\0	floadreqrq\0~\0L\0idq\0~\0L\0managerCheckq\0~\0L\0numq\0~\0L\0\rprodtimelimitq\0~\0L\0prodtypeq\0~\0L\0productq\0~\0L\0receiveraddrq\0~\0L\0receivernameq\0~\0L\0\rreceiverphoneq\0~\0L\0\nsenderaddrq\0~\0L\0\nsendernameq\0~\0L\0senderphoneq\0~\0L\0startq\0~\0L\0\nupdatetimet\0Ljava/util/Date;L\0volq\0~\0L\0weightq\0~\0xppt\0厦门pt\0无t\0 8ac5995b6a71359c016a713b73ea0000t\00sr\0java.lang.Integer⠤8\0I\0valuexr\0java.lang.Number\0\0xp\0\0\0ppt\0手机ppppppt\01sr\0java.sql.Timestamp&Se\0I\0nanosxr\0java.util.DatehjKYt\0\0xpw\0\0jq;px\0\0\0\0psr\0java.lang.DoubleJ)k\0D\0valuexq\0~\0?\0\0\0\0\0\0',NULL);

/*Table structure for table `act_ge_property` */

DROP TABLE IF EXISTS `act_ge_property`;

CREATE TABLE `act_ge_property` (
  `NAME_` varchar(64) COLLATE utf8_bin NOT NULL,
  `VALUE_` varchar(300) COLLATE utf8_bin DEFAULT NULL,
  `REV_` int(11) DEFAULT NULL,
  PRIMARY KEY (`NAME_`)
) ENGINE=InnoDB DEFAULT CHARSET=utf8 COLLATE=utf8_bin;

/*Data for the table `act_ge_property` */

insert  into `act_ge_property`(`NAME_`,`VALUE_`,`REV_`) values ('next.dbid','401',5),('schema.history','create(5.13)',1),('schema.version','5.13',1);

/*Table structure for table `act_hi_actinst` */

DROP TABLE IF EXISTS `act_hi_actinst`;

CREATE TABLE `act_hi_actinst` (
  `ID_` varchar(64) COLLATE utf8_bin NOT NULL,
  `PROC_DEF_ID_` varchar(64) COLLATE utf8_bin NOT NULL,
  `PROC_INST_ID_` varchar(64) COLLATE utf8_bin NOT NULL,
  `EXECUTION_ID_` varchar(64) COLLATE utf8_bin NOT NULL,
  `ACT_ID_` varchar(255) COLLATE utf8_bin NOT NULL,
  `TASK_ID_` varchar(64) COLLATE utf8_bin DEFAULT NULL,
  `CALL_PROC_INST_ID_` varchar(64) COLLATE utf8_bin DEFAULT NULL,
  `ACT_NAME_` varchar(255) COLLATE utf8_bin DEFAULT NULL,
  `ACT_TYPE_` varchar(255) COLLATE utf8_bin NOT NULL,
  `ASSIGNEE_` varchar(64) COLLATE utf8_bin DEFAULT NULL,
  `START_TIME_` datetime NOT NULL,
  `END_TIME_` datetime DEFAULT NULL,
  `DURATION_` bigint(20) DEFAULT NULL,
  PRIMARY KEY (`ID_`),
  KEY `ACT_IDX_HI_ACT_INST_START` (`START_TIME_`),
  KEY `ACT_IDX_HI_ACT_INST_END` (`END_TIME_`),
  KEY `ACT_IDX_HI_ACT_INST_PROCINST` (`PROC_INST_ID_`,`ACT_ID_`),
  KEY `ACT_IDX_HI_ACT_INST_EXEC` (`EXECUTION_ID_`,`ACT_ID_`)
) ENGINE=InnoDB DEFAULT CHARSET=utf8 COLLATE=utf8_bin;

/*Data for the table `act_hi_actinst` */

insert  into `act_hi_actinst`(`ID_`,`PROC_DEF_ID_`,`PROC_INST_ID_`,`EXECUTION_ID_`,`ACT_ID_`,`TASK_ID_`,`CALL_PROC_INST_ID_`,`ACT_NAME_`,`ACT_TYPE_`,`ASSIGNEE_`,`START_TIME_`,`END_TIME_`,`DURATION_`) values ('216','transfer:2:213','215','215','startevent1',NULL,NULL,'Start','startEvent',NULL,'2019-05-01 08:40:32','2019-05-01 08:40:32',46),('220','transfer:2:213','215','215','checkWorkOrderManage','221',NULL,'审核工作单','userTask',NULL,'2019-05-01 08:40:32',NULL,NULL),('309','transfer:3:306','308','308','startevent1',NULL,NULL,'Start','startEvent',NULL,'2019-05-01 10:31:40','2019-05-01 10:31:40',5),('313','transfer:3:306','308','308','checkWorkOrderManage','314',NULL,'审核工作单','userTask',NULL,'2019-05-01 10:31:40',NULL,NULL);

/*Table structure for table `act_hi_attachment` */

DROP TABLE IF EXISTS `act_hi_attachment`;

CREATE TABLE `act_hi_attachment` (
  `ID_` varchar(64) COLLATE utf8_bin NOT NULL,
  `REV_` int(11) DEFAULT NULL,
  `USER_ID_` varchar(255) COLLATE utf8_bin DEFAULT NULL,
  `NAME_` varchar(255) COLLATE utf8_bin DEFAULT NULL,
  `DESCRIPTION_` varchar(4000) COLLATE utf8_bin DEFAULT NULL,
  `TYPE_` varchar(255) COLLATE utf8_bin DEFAULT NULL,
  `TASK_ID_` varchar(64) COLLATE utf8_bin DEFAULT NULL,
  `PROC_INST_ID_` varchar(64) COLLATE utf8_bin DEFAULT NULL,
  `URL_` varchar(4000) COLLATE utf8_bin DEFAULT NULL,
  `CONTENT_ID_` varchar(64) COLLATE utf8_bin DEFAULT NULL,
  PRIMARY KEY (`ID_`)
) ENGINE=InnoDB DEFAULT CHARSET=utf8 COLLATE=utf8_bin;

/*Data for the table `act_hi_attachment` */

/*Table structure for table `act_hi_comment` */

DROP TABLE IF EXISTS `act_hi_comment`;

CREATE TABLE `act_hi_comment` (
  `ID_` varchar(64) COLLATE utf8_bin NOT NULL,
  `TYPE_` varchar(255) COLLATE utf8_bin DEFAULT NULL,
  `TIME_` datetime NOT NULL,
  `USER_ID_` varchar(255) COLLATE utf8_bin DEFAULT NULL,
  `TASK_ID_` varchar(64) COLLATE utf8_bin DEFAULT NULL,
  `PROC_INST_ID_` varchar(64) COLLATE utf8_bin DEFAULT NULL,
  `ACTION_` varchar(255) COLLATE utf8_bin DEFAULT NULL,
  `MESSAGE_` varchar(4000) COLLATE utf8_bin DEFAULT NULL,
  `FULL_MSG_` longblob,
  PRIMARY KEY (`ID_`)
) ENGINE=InnoDB DEFAULT CHARSET=utf8 COLLATE=utf8_bin;

/*Data for the table `act_hi_comment` */

/*Table structure for table `act_hi_detail` */

DROP TABLE IF EXISTS `act_hi_detail`;

CREATE TABLE `act_hi_detail` (
  `ID_` varchar(64) COLLATE utf8_bin NOT NULL,
  `TYPE_` varchar(255) COLLATE utf8_bin NOT NULL,
  `PROC_INST_ID_` varchar(64) COLLATE utf8_bin DEFAULT NULL,
  `EXECUTION_ID_` varchar(64) COLLATE utf8_bin DEFAULT NULL,
  `TASK_ID_` varchar(64) COLLATE utf8_bin DEFAULT NULL,
  `ACT_INST_ID_` varchar(64) COLLATE utf8_bin DEFAULT NULL,
  `NAME_` varchar(255) COLLATE utf8_bin NOT NULL,
  `VAR_TYPE_` varchar(255) COLLATE utf8_bin DEFAULT NULL,
  `REV_` int(11) DEFAULT NULL,
  `TIME_` datetime NOT NULL,
  `BYTEARRAY_ID_` varchar(64) COLLATE utf8_bin DEFAULT NULL,
  `DOUBLE_` double DEFAULT NULL,
  `LONG_` bigint(20) DEFAULT NULL,
  `TEXT_` varchar(4000) COLLATE utf8_bin DEFAULT NULL,
  `TEXT2_` varchar(4000) COLLATE utf8_bin DEFAULT NULL,
  PRIMARY KEY (`ID_`),
  KEY `ACT_IDX_HI_DETAIL_PROC_INST` (`PROC_INST_ID_`),
  KEY `ACT_IDX_HI_DETAIL_ACT_INST` (`ACT_INST_ID_`),
  KEY `ACT_IDX_HI_DETAIL_TIME` (`TIME_`),
  KEY `ACT_IDX_HI_DETAIL_NAME` (`NAME_`),
  KEY `ACT_IDX_HI_DETAIL_TASK_ID` (`TASK_ID_`)
) ENGINE=InnoDB DEFAULT CHARSET=utf8 COLLATE=utf8_bin;

/*Data for the table `act_hi_detail` */

/*Table structure for table `act_hi_identitylink` */

DROP TABLE IF EXISTS `act_hi_identitylink`;

CREATE TABLE `act_hi_identitylink` (
  `ID_` varchar(64) COLLATE utf8_bin NOT NULL,
  `GROUP_ID_` varchar(255) COLLATE utf8_bin DEFAULT NULL,
  `TYPE_` varchar(255) COLLATE utf8_bin DEFAULT NULL,
  `USER_ID_` varchar(255) COLLATE utf8_bin DEFAULT NULL,
  `TASK_ID_` varchar(64) COLLATE utf8_bin DEFAULT NULL,
  `PROC_INST_ID_` varchar(64) COLLATE utf8_bin DEFAULT NULL,
  PRIMARY KEY (`ID_`),
  KEY `ACT_IDX_HI_IDENT_LNK_USER` (`USER_ID_`),
  KEY `ACT_IDX_HI_IDENT_LNK_TASK` (`TASK_ID_`),
  KEY `ACT_IDX_HI_IDENT_LNK_PROCINST` (`PROC_INST_ID_`)
) ENGINE=InnoDB DEFAULT CHARSET=utf8 COLLATE=utf8_bin;

/*Data for the table `act_hi_identitylink` */

insert  into `act_hi_identitylink`(`ID_`,`GROUP_ID_`,`TYPE_`,`USER_ID_`,`TASK_ID_`,`PROC_INST_ID_`) values ('222','业务员','candidate',NULL,'221',NULL),('315','业务员','candidate',NULL,'314',NULL);

/*Table structure for table `act_hi_procinst` */

DROP TABLE IF EXISTS `act_hi_procinst`;

CREATE TABLE `act_hi_procinst` (
  `ID_` varchar(64) COLLATE utf8_bin NOT NULL,
  `PROC_INST_ID_` varchar(64) COLLATE utf8_bin NOT NULL,
  `BUSINESS_KEY_` varchar(255) COLLATE utf8_bin DEFAULT NULL,
  `PROC_DEF_ID_` varchar(64) COLLATE utf8_bin NOT NULL,
  `START_TIME_` datetime NOT NULL,
  `END_TIME_` datetime DEFAULT NULL,
  `DURATION_` bigint(20) DEFAULT NULL,
  `START_USER_ID_` varchar(255) COLLATE utf8_bin DEFAULT NULL,
  `START_ACT_ID_` varchar(255) COLLATE utf8_bin DEFAULT NULL,
  `END_ACT_ID_` varchar(255) COLLATE utf8_bin DEFAULT NULL,
  `SUPER_PROCESS_INSTANCE_ID_` varchar(64) COLLATE utf8_bin DEFAULT NULL,
  `DELETE_REASON_` varchar(4000) COLLATE utf8_bin DEFAULT NULL,
  PRIMARY KEY (`ID_`),
  UNIQUE KEY `PROC_INST_ID_` (`PROC_INST_ID_`),
  UNIQUE KEY `ACT_UNIQ_HI_BUS_KEY` (`PROC_DEF_ID_`,`BUSINESS_KEY_`),
  KEY `ACT_IDX_HI_PRO_INST_END` (`END_TIME_`),
  KEY `ACT_IDX_HI_PRO_I_BUSKEY` (`BUSINESS_KEY_`)
) ENGINE=InnoDB DEFAULT CHARSET=utf8 COLLATE=utf8_bin;

/*Data for the table `act_hi_procinst` */

insert  into `act_hi_procinst`(`ID_`,`PROC_INST_ID_`,`BUSINESS_KEY_`,`PROC_DEF_ID_`,`START_TIME_`,`END_TIME_`,`DURATION_`,`START_USER_ID_`,`START_ACT_ID_`,`END_ACT_ID_`,`SUPER_PROCESS_INSTANCE_ID_`,`DELETE_REASON_`) values ('215','215','8ac5995b6a6e4245016a6e4710aa0002','transfer:2:213','2019-05-01 08:40:32',NULL,NULL,NULL,'startevent1',NULL,NULL,NULL),('308','308','8ac5995b6a71359c016a713b73ea0000','transfer:3:306','2019-05-01 10:31:40',NULL,NULL,NULL,'startevent1',NULL,NULL,NULL);

/*Table structure for table `act_hi_taskinst` */

DROP TABLE IF EXISTS `act_hi_taskinst`;

CREATE TABLE `act_hi_taskinst` (
  `ID_` varchar(64) COLLATE utf8_bin NOT NULL,
  `PROC_DEF_ID_` varchar(64) COLLATE utf8_bin DEFAULT NULL,
  `TASK_DEF_KEY_` varchar(255) COLLATE utf8_bin DEFAULT NULL,
  `PROC_INST_ID_` varchar(64) COLLATE utf8_bin DEFAULT NULL,
  `EXECUTION_ID_` varchar(64) COLLATE utf8_bin DEFAULT NULL,
  `NAME_` varchar(255) COLLATE utf8_bin DEFAULT NULL,
  `PARENT_TASK_ID_` varchar(64) COLLATE utf8_bin DEFAULT NULL,
  `DESCRIPTION_` varchar(4000) COLLATE utf8_bin DEFAULT NULL,
  `OWNER_` varchar(255) COLLATE utf8_bin DEFAULT NULL,
  `ASSIGNEE_` varchar(255) COLLATE utf8_bin DEFAULT NULL,
  `START_TIME_` datetime NOT NULL,
  `CLAIM_TIME_` datetime DEFAULT NULL,
  `END_TIME_` datetime DEFAULT NULL,
  `DURATION_` bigint(20) DEFAULT NULL,
  `DELETE_REASON_` varchar(4000) COLLATE utf8_bin DEFAULT NULL,
  `PRIORITY_` int(11) DEFAULT NULL,
  `DUE_DATE_` datetime DEFAULT NULL,
  `FORM_KEY_` varchar(255) COLLATE utf8_bin DEFAULT NULL,
  PRIMARY KEY (`ID_`)
) ENGINE=InnoDB DEFAULT CHARSET=utf8 COLLATE=utf8_bin;

/*Data for the table `act_hi_taskinst` */

insert  into `act_hi_taskinst`(`ID_`,`PROC_DEF_ID_`,`TASK_DEF_KEY_`,`PROC_INST_ID_`,`EXECUTION_ID_`,`NAME_`,`PARENT_TASK_ID_`,`DESCRIPTION_`,`OWNER_`,`ASSIGNEE_`,`START_TIME_`,`CLAIM_TIME_`,`END_TIME_`,`DURATION_`,`DELETE_REASON_`,`PRIORITY_`,`DUE_DATE_`,`FORM_KEY_`) values ('221','transfer:2:213','checkWorkOrderManage','215','215','审核工作单',NULL,NULL,NULL,NULL,'2019-05-01 08:40:32',NULL,NULL,NULL,NULL,50,NULL,NULL),('314','transfer:3:306','checkWorkOrderManage','308','308','审核工作单',NULL,NULL,NULL,NULL,'2019-05-01 10:31:40',NULL,NULL,NULL,NULL,50,NULL,NULL);

/*Table structure for table `act_hi_varinst` */

DROP TABLE IF EXISTS `act_hi_varinst`;

CREATE TABLE `act_hi_varinst` (
  `ID_` varchar(64) COLLATE utf8_bin NOT NULL,
  `PROC_INST_ID_` varchar(64) COLLATE utf8_bin DEFAULT NULL,
  `EXECUTION_ID_` varchar(64) COLLATE utf8_bin DEFAULT NULL,
  `TASK_ID_` varchar(64) COLLATE utf8_bin DEFAULT NULL,
  `NAME_` varchar(255) COLLATE utf8_bin NOT NULL,
  `VAR_TYPE_` varchar(100) COLLATE utf8_bin DEFAULT NULL,
  `REV_` int(11) DEFAULT NULL,
  `BYTEARRAY_ID_` varchar(64) COLLATE utf8_bin DEFAULT NULL,
  `DOUBLE_` double DEFAULT NULL,
  `LONG_` bigint(20) DEFAULT NULL,
  `TEXT_` varchar(4000) COLLATE utf8_bin DEFAULT NULL,
  `TEXT2_` varchar(4000) COLLATE utf8_bin DEFAULT NULL,
  PRIMARY KEY (`ID_`),
  KEY `ACT_IDX_HI_PROCVAR_PROC_INST` (`PROC_INST_ID_`),
  KEY `ACT_IDX_HI_PROCVAR_NAME_TYPE` (`NAME_`,`VAR_TYPE_`)
) ENGINE=InnoDB DEFAULT CHARSET=utf8 COLLATE=utf8_bin;

/*Data for the table `act_hi_varinst` */

insert  into `act_hi_varinst`(`ID_`,`PROC_INST_ID_`,`EXECUTION_ID_`,`TASK_ID_`,`NAME_`,`VAR_TYPE_`,`REV_`,`BYTEARRAY_ID_`,`DOUBLE_`,`LONG_`,`TEXT_`,`TEXT2_`) values ('218','215','215',NULL,'业务数据','serializable',0,'219',NULL,NULL,NULL,NULL),('311','308','308',NULL,'业务数据','serializable',0,'312',NULL,NULL,NULL,NULL);

/*Table structure for table `act_id_group` */

DROP TABLE IF EXISTS `act_id_group`;

CREATE TABLE `act_id_group` (
  `ID_` varchar(64) COLLATE utf8_bin NOT NULL,
  `REV_` int(11) DEFAULT NULL,
  `NAME_` varchar(255) COLLATE utf8_bin DEFAULT NULL,
  `TYPE_` varchar(255) COLLATE utf8_bin DEFAULT NULL,
  PRIMARY KEY (`ID_`)
) ENGINE=InnoDB DEFAULT CHARSET=utf8 COLLATE=utf8_bin;

/*Data for the table `act_id_group` */

insert  into `act_id_group`(`ID_`,`REV_`,`NAME_`,`TYPE_`) values ('业务员',1,NULL,NULL),('仓库管理员',1,NULL,NULL),('取派员',1,NULL,NULL);

/*Table structure for table `act_id_info` */

DROP TABLE IF EXISTS `act_id_info`;

CREATE TABLE `act_id_info` (
  `ID_` varchar(64) COLLATE utf8_bin NOT NULL,
  `REV_` int(11) DEFAULT NULL,
  `USER_ID_` varchar(64) COLLATE utf8_bin DEFAULT NULL,
  `TYPE_` varchar(64) COLLATE utf8_bin DEFAULT NULL,
  `KEY_` varchar(255) COLLATE utf8_bin DEFAULT NULL,
  `VALUE_` varchar(255) COLLATE utf8_bin DEFAULT NULL,
  `PASSWORD_` longblob,
  `PARENT_ID_` varchar(255) COLLATE utf8_bin DEFAULT NULL,
  PRIMARY KEY (`ID_`)
) ENGINE=InnoDB DEFAULT CHARSET=utf8 COLLATE=utf8_bin;

/*Data for the table `act_id_info` */

/*Table structure for table `act_id_membership` */

DROP TABLE IF EXISTS `act_id_membership`;

CREATE TABLE `act_id_membership` (
  `USER_ID_` varchar(64) COLLATE utf8_bin NOT NULL,
  `GROUP_ID_` varchar(64) COLLATE utf8_bin NOT NULL,
  PRIMARY KEY (`USER_ID_`,`GROUP_ID_`),
  KEY `ACT_FK_MEMB_GROUP` (`GROUP_ID_`),
  CONSTRAINT `ACT_FK_MEMB_GROUP` FOREIGN KEY (`GROUP_ID_`) REFERENCES `act_id_group` (`ID_`),
  CONSTRAINT `ACT_FK_MEMB_USER` FOREIGN KEY (`USER_ID_`) REFERENCES `act_id_user` (`ID_`)
) ENGINE=InnoDB DEFAULT CHARSET=utf8 COLLATE=utf8_bin;

/*Data for the table `act_id_membership` */

insert  into `act_id_membership`(`USER_ID_`,`GROUP_ID_`) values ('8ac5995b6a6e0d4c016a6e0e705a0000','业务员'),('8ac5995b6a6e0d4c016a6e0f27580001','仓库管理员'),('8ac5995b6a6e0d4c016a6e0fb42d0002','取派员');

/*Table structure for table `act_id_user` */

DROP TABLE IF EXISTS `act_id_user`;

CREATE TABLE `act_id_user` (
  `ID_` varchar(64) COLLATE utf8_bin NOT NULL,
  `REV_` int(11) DEFAULT NULL,
  `FIRST_` varchar(255) COLLATE utf8_bin DEFAULT NULL,
  `LAST_` varchar(255) COLLATE utf8_bin DEFAULT NULL,
  `EMAIL_` varchar(255) COLLATE utf8_bin DEFAULT NULL,
  `PWD_` varchar(255) COLLATE utf8_bin DEFAULT NULL,
  `PICTURE_ID_` varchar(64) COLLATE utf8_bin DEFAULT NULL,
  PRIMARY KEY (`ID_`)
) ENGINE=InnoDB DEFAULT CHARSET=utf8 COLLATE=utf8_bin;

/*Data for the table `act_id_user` */

insert  into `act_id_user`(`ID_`,`REV_`,`FIRST_`,`LAST_`,`EMAIL_`,`PWD_`,`PICTURE_ID_`) values ('8ac5995b6a6e0d4c016a6e0e705a0000',1,NULL,NULL,NULL,NULL,NULL),('8ac5995b6a6e0d4c016a6e0f27580001',1,NULL,NULL,NULL,NULL,NULL),('8ac5995b6a6e0d4c016a6e0fb42d0002',1,NULL,NULL,NULL,NULL,NULL);

/*Table structure for table `act_re_deployment` */

DROP TABLE IF EXISTS `act_re_deployment`;

CREATE TABLE `act_re_deployment` (
  `ID_` varchar(64) COLLATE utf8_bin NOT NULL,
  `NAME_` varchar(255) COLLATE utf8_bin DEFAULT NULL,
  `CATEGORY_` varchar(255) COLLATE utf8_bin DEFAULT NULL,
  `DEPLOY_TIME_` timestamp NOT NULL DEFAULT CURRENT_TIMESTAMP ON UPDATE CURRENT_TIMESTAMP,
  PRIMARY KEY (`ID_`)
) ENGINE=InnoDB DEFAULT CHARSET=utf8 COLLATE=utf8_bin;

/*Data for the table `act_re_deployment` */

insert  into `act_re_deployment`(`ID_`,`NAME_`,`CATEGORY_`,`DEPLOY_TIME_`) values ('101',NULL,NULL,'2019-04-30 21:13:00'),('109',NULL,NULL,'2019-04-30 21:14:21'),('113',NULL,NULL,'2019-04-30 21:14:30'),('201',NULL,NULL,'2019-05-01 08:38:57'),('208',NULL,NULL,'2019-05-01 08:39:09'),('301',NULL,NULL,'2019-05-01 10:30:05');

/*Table structure for table `act_re_model` */

DROP TABLE IF EXISTS `act_re_model`;

CREATE TABLE `act_re_model` (
  `ID_` varchar(64) COLLATE utf8_bin NOT NULL,
  `REV_` int(11) DEFAULT NULL,
  `NAME_` varchar(255) COLLATE utf8_bin DEFAULT NULL,
  `KEY_` varchar(255) COLLATE utf8_bin DEFAULT NULL,
  `CATEGORY_` varchar(255) COLLATE utf8_bin DEFAULT NULL,
  `CREATE_TIME_` timestamp NULL DEFAULT NULL,
  `LAST_UPDATE_TIME_` timestamp NULL DEFAULT NULL,
  `VERSION_` int(11) DEFAULT NULL,
  `META_INFO_` varchar(4000) COLLATE utf8_bin DEFAULT NULL,
  `DEPLOYMENT_ID_` varchar(64) COLLATE utf8_bin DEFAULT NULL,
  `EDITOR_SOURCE_VALUE_ID_` varchar(64) COLLATE utf8_bin DEFAULT NULL,
  `EDITOR_SOURCE_EXTRA_VALUE_ID_` varchar(64) COLLATE utf8_bin DEFAULT NULL,
  PRIMARY KEY (`ID_`),
  KEY `ACT_FK_MODEL_SOURCE` (`EDITOR_SOURCE_VALUE_ID_`),
  KEY `ACT_FK_MODEL_SOURCE_EXTRA` (`EDITOR_SOURCE_EXTRA_VALUE_ID_`),
  KEY `ACT_FK_MODEL_DEPLOYMENT` (`DEPLOYMENT_ID_`),
  CONSTRAINT `ACT_FK_MODEL_DEPLOYMENT` FOREIGN KEY (`DEPLOYMENT_ID_`) REFERENCES `act_re_deployment` (`ID_`),
  CONSTRAINT `ACT_FK_MODEL_SOURCE` FOREIGN KEY (`EDITOR_SOURCE_VALUE_ID_`) REFERENCES `act_ge_bytearray` (`ID_`),
  CONSTRAINT `ACT_FK_MODEL_SOURCE_EXTRA` FOREIGN KEY (`EDITOR_SOURCE_EXTRA_VALUE_ID_`) REFERENCES `act_ge_bytearray` (`ID_`)
) ENGINE=InnoDB DEFAULT CHARSET=utf8 COLLATE=utf8_bin;

/*Data for the table `act_re_model` */

/*Table structure for table `act_re_procdef` */

DROP TABLE IF EXISTS `act_re_procdef`;

CREATE TABLE `act_re_procdef` (
  `ID_` varchar(64) COLLATE utf8_bin NOT NULL,
  `REV_` int(11) DEFAULT NULL,
  `CATEGORY_` varchar(255) COLLATE utf8_bin DEFAULT NULL,
  `NAME_` varchar(255) COLLATE utf8_bin DEFAULT NULL,
  `KEY_` varchar(255) COLLATE utf8_bin NOT NULL,
  `VERSION_` int(11) NOT NULL,
  `DEPLOYMENT_ID_` varchar(64) COLLATE utf8_bin DEFAULT NULL,
  `RESOURCE_NAME_` varchar(4000) COLLATE utf8_bin DEFAULT NULL,
  `DGRM_RESOURCE_NAME_` varchar(4000) COLLATE utf8_bin DEFAULT NULL,
  `DESCRIPTION_` varchar(4000) COLLATE utf8_bin DEFAULT NULL,
  `HAS_START_FORM_KEY_` tinyint(4) DEFAULT NULL,
  `SUSPENSION_STATE_` int(11) DEFAULT NULL,
  PRIMARY KEY (`ID_`),
  UNIQUE KEY `ACT_UNIQ_PROCDEF` (`KEY_`,`VERSION_`)
) ENGINE=InnoDB DEFAULT CHARSET=utf8 COLLATE=utf8_bin;

/*Data for the table `act_re_procdef` */

insert  into `act_re_procdef`(`ID_`,`REV_`,`CATEGORY_`,`NAME_`,`KEY_`,`VERSION_`,`DEPLOYMENT_ID_`,`RESOURCE_NAME_`,`DGRM_RESOURCE_NAME_`,`DESCRIPTION_`,`HAS_START_FORM_KEY_`,`SUSPENSION_STATE_`) values ('qjlc:1:104',1,'http://www.activiti.org/test','请假流程','qjlc',1,'101','qjlc.bpmn','qjlc.png',NULL,0,1),('qjlc:2:112',1,'http://www.activiti.org/test','请假流程','qjlc',2,'109','qjlc.bpmn','qjlc.png',NULL,0,1),('qjlc:3:116',1,'http://www.activiti.org/test','请假流程','qjlc',3,'113','qjlc.bpmn','qjlc.png',NULL,0,1),('qjlc:4:207',1,'http://www.activiti.org/test','请假流程','qjlc',4,'201','qjlc.bpmn','qjlc.png',NULL,0,1),('qjlc:5:214',1,'http://www.activiti.org/test','请假流程','qjlc',5,'208','qjlc.bpmn','qjlc.png',NULL,0,1),('qjlc:6:307',1,'http://www.activiti.org/test','请假流程','qjlc',6,'301','qjlc.bpmn','qjlc.png',NULL,0,1),('transfer:1:206',1,'http://www.activiti.org/test','物流配送流程','transfer',1,'201','transfer2.bpmn','transfer2.png',NULL,0,1),('transfer:2:213',1,'http://www.activiti.org/test','物流配送流程','transfer',2,'208','transfer2.bpmn','transfer2.png',NULL,0,1),('transfer:3:306',1,'http://www.activiti.org/test','物流配送流程','transfer',3,'301','transfer2.bpmn','transfer2.png',NULL,0,1);

/*Table structure for table `act_ru_event_subscr` */

DROP TABLE IF EXISTS `act_ru_event_subscr`;

CREATE TABLE `act_ru_event_subscr` (
  `ID_` varchar(64) COLLATE utf8_bin NOT NULL,
  `REV_` int(11) DEFAULT NULL,
  `EVENT_TYPE_` varchar(255) COLLATE utf8_bin NOT NULL,
  `EVENT_NAME_` varchar(255) COLLATE utf8_bin DEFAULT NULL,
  `EXECUTION_ID_` varchar(64) COLLATE utf8_bin DEFAULT NULL,
  `PROC_INST_ID_` varchar(64) COLLATE utf8_bin DEFAULT NULL,
  `ACTIVITY_ID_` varchar(64) COLLATE utf8_bin DEFAULT NULL,
  `CONFIGURATION_` varchar(255) COLLATE utf8_bin DEFAULT NULL,
  `CREATED_` timestamp NOT NULL DEFAULT CURRENT_TIMESTAMP ON UPDATE CURRENT_TIMESTAMP,
  PRIMARY KEY (`ID_`),
  KEY `ACT_IDX_EVENT_SUBSCR_CONFIG_` (`CONFIGURATION_`),
  KEY `ACT_FK_EVENT_EXEC` (`EXECUTION_ID_`),
  CONSTRAINT `ACT_FK_EVENT_EXEC` FOREIGN KEY (`EXECUTION_ID_`) REFERENCES `act_ru_execution` (`ID_`)
) ENGINE=InnoDB DEFAULT CHARSET=utf8 COLLATE=utf8_bin;

/*Data for the table `act_ru_event_subscr` */

/*Table structure for table `act_ru_execution` */

DROP TABLE IF EXISTS `act_ru_execution`;

CREATE TABLE `act_ru_execution` (
  `ID_` varchar(64) COLLATE utf8_bin NOT NULL,
  `REV_` int(11) DEFAULT NULL,
  `PROC_INST_ID_` varchar(64) COLLATE utf8_bin DEFAULT NULL,
  `BUSINESS_KEY_` varchar(255) COLLATE utf8_bin DEFAULT NULL,
  `PARENT_ID_` varchar(64) COLLATE utf8_bin DEFAULT NULL,
  `PROC_DEF_ID_` varchar(64) COLLATE utf8_bin DEFAULT NULL,
  `SUPER_EXEC_` varchar(64) COLLATE utf8_bin DEFAULT NULL,
  `ACT_ID_` varchar(255) COLLATE utf8_bin DEFAULT NULL,
  `IS_ACTIVE_` tinyint(4) DEFAULT NULL,
  `IS_CONCURRENT_` tinyint(4) DEFAULT NULL,
  `IS_SCOPE_` tinyint(4) DEFAULT NULL,
  `IS_EVENT_SCOPE_` tinyint(4) DEFAULT NULL,
  `SUSPENSION_STATE_` int(11) DEFAULT NULL,
  `CACHED_ENT_STATE_` int(11) DEFAULT NULL,
  PRIMARY KEY (`ID_`),
  UNIQUE KEY `ACT_UNIQ_RU_BUS_KEY` (`PROC_DEF_ID_`,`BUSINESS_KEY_`),
  KEY `ACT_IDX_EXEC_BUSKEY` (`BUSINESS_KEY_`),
  KEY `ACT_FK_EXE_PROCINST` (`PROC_INST_ID_`),
  KEY `ACT_FK_EXE_PARENT` (`PARENT_ID_`),
  KEY `ACT_FK_EXE_SUPER` (`SUPER_EXEC_`),
  CONSTRAINT `ACT_FK_EXE_PARENT` FOREIGN KEY (`PARENT_ID_`) REFERENCES `act_ru_execution` (`ID_`),
  CONSTRAINT `ACT_FK_EXE_PROCDEF` FOREIGN KEY (`PROC_DEF_ID_`) REFERENCES `act_re_procdef` (`ID_`),
  CONSTRAINT `ACT_FK_EXE_PROCINST` FOREIGN KEY (`PROC_INST_ID_`) REFERENCES `act_ru_execution` (`ID_`) ON DELETE CASCADE ON UPDATE CASCADE,
  CONSTRAINT `ACT_FK_EXE_SUPER` FOREIGN KEY (`SUPER_EXEC_`) REFERENCES `act_ru_execution` (`ID_`)
) ENGINE=InnoDB DEFAULT CHARSET=utf8 COLLATE=utf8_bin;

/*Data for the table `act_ru_execution` */

insert  into `act_ru_execution`(`ID_`,`REV_`,`PROC_INST_ID_`,`BUSINESS_KEY_`,`PARENT_ID_`,`PROC_DEF_ID_`,`SUPER_EXEC_`,`ACT_ID_`,`IS_ACTIVE_`,`IS_CONCURRENT_`,`IS_SCOPE_`,`IS_EVENT_SCOPE_`,`SUSPENSION_STATE_`,`CACHED_ENT_STATE_`) values ('215',1,'215','8ac5995b6a6e4245016a6e4710aa0002',NULL,'transfer:2:213',NULL,'checkWorkOrderManage',1,0,1,0,1,2),('308',1,'308','8ac5995b6a71359c016a713b73ea0000',NULL,'transfer:3:306',NULL,'checkWorkOrderManage',1,0,1,0,1,2);

/*Table structure for table `act_ru_identitylink` */

DROP TABLE IF EXISTS `act_ru_identitylink`;

CREATE TABLE `act_ru_identitylink` (
  `ID_` varchar(64) COLLATE utf8_bin NOT NULL,
  `REV_` int(11) DEFAULT NULL,
  `GROUP_ID_` varchar(255) COLLATE utf8_bin DEFAULT NULL,
  `TYPE_` varchar(255) COLLATE utf8_bin DEFAULT NULL,
  `USER_ID_` varchar(255) COLLATE utf8_bin DEFAULT NULL,
  `TASK_ID_` varchar(64) COLLATE utf8_bin DEFAULT NULL,
  `PROC_INST_ID_` varchar(64) COLLATE utf8_bin DEFAULT NULL,
  `PROC_DEF_ID_` varchar(64) COLLATE utf8_bin DEFAULT NULL,
  PRIMARY KEY (`ID_`),
  KEY `ACT_IDX_IDENT_LNK_USER` (`USER_ID_`),
  KEY `ACT_IDX_IDENT_LNK_GROUP` (`GROUP_ID_`),
  KEY `ACT_IDX_ATHRZ_PROCEDEF` (`PROC_DEF_ID_`),
  KEY `ACT_FK_TSKASS_TASK` (`TASK_ID_`),
  KEY `ACT_FK_IDL_PROCINST` (`PROC_INST_ID_`),
  CONSTRAINT `ACT_FK_ATHRZ_PROCEDEF` FOREIGN KEY (`PROC_DEF_ID_`) REFERENCES `act_re_procdef` (`ID_`),
  CONSTRAINT `ACT_FK_IDL_PROCINST` FOREIGN KEY (`PROC_INST_ID_`) REFERENCES `act_ru_execution` (`ID_`),
  CONSTRAINT `ACT_FK_TSKASS_TASK` FOREIGN KEY (`TASK_ID_`) REFERENCES `act_ru_task` (`ID_`)
) ENGINE=InnoDB DEFAULT CHARSET=utf8 COLLATE=utf8_bin;

/*Data for the table `act_ru_identitylink` */

insert  into `act_ru_identitylink`(`ID_`,`REV_`,`GROUP_ID_`,`TYPE_`,`USER_ID_`,`TASK_ID_`,`PROC_INST_ID_`,`PROC_DEF_ID_`) values ('222',1,'业务员','candidate',NULL,'221',NULL,NULL),('315',1,'业务员','candidate',NULL,'314',NULL,NULL);

/*Table structure for table `act_ru_job` */

DROP TABLE IF EXISTS `act_ru_job`;

CREATE TABLE `act_ru_job` (
  `ID_` varchar(64) COLLATE utf8_bin NOT NULL,
  `REV_` int(11) DEFAULT NULL,
  `TYPE_` varchar(255) COLLATE utf8_bin NOT NULL,
  `LOCK_EXP_TIME_` timestamp NULL DEFAULT NULL,
  `LOCK_OWNER_` varchar(255) COLLATE utf8_bin DEFAULT NULL,
  `EXCLUSIVE_` tinyint(1) DEFAULT NULL,
  `EXECUTION_ID_` varchar(64) COLLATE utf8_bin DEFAULT NULL,
  `PROCESS_INSTANCE_ID_` varchar(64) COLLATE utf8_bin DEFAULT NULL,
  `PROC_DEF_ID_` varchar(64) COLLATE utf8_bin DEFAULT NULL,
  `RETRIES_` int(11) DEFAULT NULL,
  `EXCEPTION_STACK_ID_` varchar(64) COLLATE utf8_bin DEFAULT NULL,
  `EXCEPTION_MSG_` varchar(4000) COLLATE utf8_bin DEFAULT NULL,
  `DUEDATE_` timestamp NULL DEFAULT NULL,
  `REPEAT_` varchar(255) COLLATE utf8_bin DEFAULT NULL,
  `HANDLER_TYPE_` varchar(255) COLLATE utf8_bin DEFAULT NULL,
  `HANDLER_CFG_` varchar(4000) COLLATE utf8_bin DEFAULT NULL,
  PRIMARY KEY (`ID_`),
  KEY `ACT_FK_JOB_EXCEPTION` (`EXCEPTION_STACK_ID_`),
  CONSTRAINT `ACT_FK_JOB_EXCEPTION` FOREIGN KEY (`EXCEPTION_STACK_ID_`) REFERENCES `act_ge_bytearray` (`ID_`)
) ENGINE=InnoDB DEFAULT CHARSET=utf8 COLLATE=utf8_bin;

/*Data for the table `act_ru_job` */

/*Table structure for table `act_ru_task` */

DROP TABLE IF EXISTS `act_ru_task`;

CREATE TABLE `act_ru_task` (
  `ID_` varchar(64) COLLATE utf8_bin NOT NULL,
  `REV_` int(11) DEFAULT NULL,
  `EXECUTION_ID_` varchar(64) COLLATE utf8_bin DEFAULT NULL,
  `PROC_INST_ID_` varchar(64) COLLATE utf8_bin DEFAULT NULL,
  `PROC_DEF_ID_` varchar(64) COLLATE utf8_bin DEFAULT NULL,
  `NAME_` varchar(255) COLLATE utf8_bin DEFAULT NULL,
  `PARENT_TASK_ID_` varchar(64) COLLATE utf8_bin DEFAULT NULL,
  `DESCRIPTION_` varchar(4000) COLLATE utf8_bin DEFAULT NULL,
  `TASK_DEF_KEY_` varchar(255) COLLATE utf8_bin DEFAULT NULL,
  `OWNER_` varchar(255) COLLATE utf8_bin DEFAULT NULL,
  `ASSIGNEE_` varchar(255) COLLATE utf8_bin DEFAULT NULL,
  `DELEGATION_` varchar(64) COLLATE utf8_bin DEFAULT NULL,
  `PRIORITY_` int(11) DEFAULT NULL,
  `CREATE_TIME_` timestamp NOT NULL DEFAULT CURRENT_TIMESTAMP ON UPDATE CURRENT_TIMESTAMP,
  `DUE_DATE_` datetime DEFAULT NULL,
  `SUSPENSION_STATE_` int(11) DEFAULT NULL,
  PRIMARY KEY (`ID_`),
  KEY `ACT_IDX_TASK_CREATE` (`CREATE_TIME_`),
  KEY `ACT_FK_TASK_EXE` (`EXECUTION_ID_`),
  KEY `ACT_FK_TASK_PROCINST` (`PROC_INST_ID_`),
  KEY `ACT_FK_TASK_PROCDEF` (`PROC_DEF_ID_`),
  CONSTRAINT `ACT_FK_TASK_EXE` FOREIGN KEY (`EXECUTION_ID_`) REFERENCES `act_ru_execution` (`ID_`),
  CONSTRAINT `ACT_FK_TASK_PROCDEF` FOREIGN KEY (`PROC_DEF_ID_`) REFERENCES `act_re_procdef` (`ID_`),
  CONSTRAINT `ACT_FK_TASK_PROCINST` FOREIGN KEY (`PROC_INST_ID_`) REFERENCES `act_ru_execution` (`ID_`)
) ENGINE=InnoDB DEFAULT CHARSET=utf8 COLLATE=utf8_bin;

/*Data for the table `act_ru_task` */

insert  into `act_ru_task`(`ID_`,`REV_`,`EXECUTION_ID_`,`PROC_INST_ID_`,`PROC_DEF_ID_`,`NAME_`,`PARENT_TASK_ID_`,`DESCRIPTION_`,`TASK_DEF_KEY_`,`OWNER_`,`ASSIGNEE_`,`DELEGATION_`,`PRIORITY_`,`CREATE_TIME_`,`DUE_DATE_`,`SUSPENSION_STATE_`) values ('221',1,'215','215','transfer:2:213','审核工作单',NULL,NULL,'checkWorkOrderManage',NULL,'8ac5995b6a6e0d4c016a6e0e705a0000',NULL,50,'2019-05-01 11:08:22',NULL,1),('314',1,'308','308','transfer:3:306','审核工作单',NULL,NULL,'checkWorkOrderManage',NULL,NULL,NULL,50,'2019-05-01 10:31:40',NULL,1);

/*Table structure for table `act_ru_variable` */

DROP TABLE IF EXISTS `act_ru_variable`;

CREATE TABLE `act_ru_variable` (
  `ID_` varchar(64) COLLATE utf8_bin NOT NULL,
  `REV_` int(11) DEFAULT NULL,
  `TYPE_` varchar(255) COLLATE utf8_bin NOT NULL,
  `NAME_` varchar(255) COLLATE utf8_bin NOT NULL,
  `EXECUTION_ID_` varchar(64) COLLATE utf8_bin DEFAULT NULL,
  `PROC_INST_ID_` varchar(64) COLLATE utf8_bin DEFAULT NULL,
  `TASK_ID_` varchar(64) COLLATE utf8_bin DEFAULT NULL,
  `BYTEARRAY_ID_` varchar(64) COLLATE utf8_bin DEFAULT NULL,
  `DOUBLE_` double DEFAULT NULL,
  `LONG_` bigint(20) DEFAULT NULL,
  `TEXT_` varchar(4000) COLLATE utf8_bin DEFAULT NULL,
  `TEXT2_` varchar(4000) COLLATE utf8_bin DEFAULT NULL,
  PRIMARY KEY (`ID_`),
  KEY `ACT_IDX_VARIABLE_TASK_ID` (`TASK_ID_`),
  KEY `ACT_FK_VAR_EXE` (`EXECUTION_ID_`),
  KEY `ACT_FK_VAR_PROCINST` (`PROC_INST_ID_`),
  KEY `ACT_FK_VAR_BYTEARRAY` (`BYTEARRAY_ID_`),
  CONSTRAINT `ACT_FK_VAR_BYTEARRAY` FOREIGN KEY (`BYTEARRAY_ID_`) REFERENCES `act_ge_bytearray` (`ID_`),
  CONSTRAINT `ACT_FK_VAR_EXE` FOREIGN KEY (`EXECUTION_ID_`) REFERENCES `act_ru_execution` (`ID_`),
  CONSTRAINT `ACT_FK_VAR_PROCINST` FOREIGN KEY (`PROC_INST_ID_`) REFERENCES `act_ru_execution` (`ID_`)
) ENGINE=InnoDB DEFAULT CHARSET=utf8 COLLATE=utf8_bin;

/*Data for the table `act_ru_variable` */

insert  into `act_ru_variable`(`ID_`,`REV_`,`TYPE_`,`NAME_`,`EXECUTION_ID_`,`PROC_INST_ID_`,`TASK_ID_`,`BYTEARRAY_ID_`,`DOUBLE_`,`LONG_`,`TEXT_`,`TEXT2_`) values ('218',1,'serializable','业务数据','215','215',NULL,'217',NULL,NULL,NULL,NULL),('311',1,'serializable','业务数据','308','308',NULL,'310',NULL,NULL,NULL,NULL);

/*Table structure for table `auth_function` */

DROP TABLE IF EXISTS `auth_function`;

CREATE TABLE `auth_function` (
  `id` varchar(64) NOT NULL,
  `name` varchar(255) DEFAULT NULL,
  `code` varchar(255) DEFAULT NULL,
  `description` varchar(255) DEFAULT NULL,
  `page` varchar(255) DEFAULT NULL,
  `generatemenu` varchar(255) DEFAULT NULL,
  `zindex` int(11) DEFAULT NULL,
  `pid` varchar(64) DEFAULT NULL,
  PRIMARY KEY (`id`),
  KEY `FK_Reference_10` (`pid`),
  CONSTRAINT `FK_Reference_10` FOREIGN KEY (`pid`) REFERENCES `auth_function` (`id`)
) ENGINE=InnoDB DEFAULT CHARSET=gbk;

/*Data for the table `auth_function` */

insert  into `auth_function`(`id`,`name`,`code`,`description`,`page`,`generatemenu`,`zindex`,`pid`) values ('11','基础档案','jichudangan',NULL,NULL,'1',0,NULL),('112','收派标准','standard',NULL,'page_base_standard.action','1',1,'11'),('113','取派员设置','staff',NULL,'page_base_staff.action','1',2,'11'),('114','区域设置','region',NULL,'page_base_region.action','1',3,'11'),('115','管理分区','subarea',NULL,'page_base_subarea.action','1',4,'11'),('116','管理定区/调度排班','decidedzone',NULL,'page_base_decidedzone.action','1',5,'11'),('12','受理','shouli',NULL,NULL,'1',1,NULL),('121','业务受理','noticebill',NULL,'page_qupai_noticebill_add.action','1',0,'12'),('122','工作单快速录入','quickworkordermanage',NULL,'page_qupai_quickworkorder.action','1',1,'12'),('124','工作单导入','workordermanageimport',NULL,'page_qupai_workorderimport.action','1',3,'12'),('13','调度','diaodu',NULL,NULL,'1',2,NULL),('131','查台转单','changestaff',NULL,NULL,'1',0,'13'),('132','人工调度','personalassign',NULL,'page_qupai_diaodu.action','1',1,'13'),('14','物流配送流程管理','zhongzhuan',NULL,NULL,'1',3,NULL),('141','启动配送流程','start',NULL,'workordermanageAction_list.action','1',0,'14'),('142','查看个人任务','personaltask',NULL,'taskAction_findPersonalTask.action','1',1,'14'),('143','查看我的组任务','grouptask',NULL,'taskAction_findGroupTask.action','1',2,'14');

/*Table structure for table `auth_role` */

DROP TABLE IF EXISTS `auth_role`;

CREATE TABLE `auth_role` (
  `id` varchar(64) NOT NULL,
  `name` varchar(255) DEFAULT NULL,
  `code` varchar(255) DEFAULT NULL,
  `description` varchar(255) DEFAULT NULL,
  PRIMARY KEY (`id`)
) ENGINE=InnoDB DEFAULT CHARSET=gbk;

/*Data for the table `auth_role` */

insert  into `auth_role`(`id`,`name`,`code`,`description`) values ('8ac5995b6a6ddcc9016a6de262530000','业务员','ywy','业务员角色'),('8ac5995b6a6e0004016a6e00c40a0000','仓库管理员','ckgly','仓库管理员角色'),('8ac5995b6a6e0004016a6e032fcd0001','取派员','qpy','取派员角色');

/*Table structure for table `bc_decidedzone` */

DROP TABLE IF EXISTS `bc_decidedzone`;

CREATE TABLE `bc_decidedzone` (
  `id` varchar(32) NOT NULL,
  `staff_id` varchar(32) DEFAULT NULL,
  `name` varchar(30) DEFAULT NULL,
  PRIMARY KEY (`id`),
  KEY `FK66A3C8AA943DCB3A` (`staff_id`),
  CONSTRAINT `FK66A3C8AA943DCB3A` FOREIGN KEY (`staff_id`) REFERENCES `bc_staff` (`id`)
) ENGINE=InnoDB DEFAULT CHARSET=gbk;

/*Data for the table `bc_decidedzone` */

/*Table structure for table `bc_region` */

DROP TABLE IF EXISTS `bc_region`;

CREATE TABLE `bc_region` (
  `id` varchar(32) NOT NULL,
  `province` varchar(50) DEFAULT NULL,
  `city` varchar(50) DEFAULT NULL,
  `district` varchar(50) DEFAULT NULL,
  `postcode` varchar(50) DEFAULT NULL,
  `shortcode` varchar(30) DEFAULT NULL,
  `citycode` varchar(30) DEFAULT NULL,
  PRIMARY KEY (`id`)
) ENGINE=InnoDB DEFAULT CHARSET=gbk;

/*Data for the table `bc_region` */

/*Table structure for table `bc_staff` */

DROP TABLE IF EXISTS `bc_staff`;

CREATE TABLE `bc_staff` (
  `id` varchar(32) NOT NULL,
  `name` varchar(20) DEFAULT NULL,
  `telephone` varchar(20) DEFAULT NULL,
  `haspda` varchar(1) DEFAULT NULL,
  `deltag` varchar(1) DEFAULT NULL,
  `station` varchar(40) DEFAULT NULL,
  `standard` varchar(100) DEFAULT NULL,
  PRIMARY KEY (`id`)
) ENGINE=InnoDB DEFAULT CHARSET=gbk;

/*Data for the table `bc_staff` */

/*Table structure for table `bc_subarea` */

DROP TABLE IF EXISTS `bc_subarea`;

CREATE TABLE `bc_subarea` (
  `id` varchar(64) NOT NULL,
  `decidedzone_id` varchar(32) DEFAULT NULL,
  `region_id` varchar(32) DEFAULT NULL,
  `addresskey` varchar(100) DEFAULT NULL,
  `startnum` varchar(30) DEFAULT NULL,
  `endnum` varchar(30) DEFAULT NULL,
  `single` varchar(1) DEFAULT NULL,
  `position` varchar(255) DEFAULT NULL,
  PRIMARY KEY (`id`),
  KEY `FKF7CA50CF898987BA` (`region_id`),
  KEY `FKF7CA50CF4FDA163A` (`decidedzone_id`),
  CONSTRAINT `FKF7CA50CF4FDA163A` FOREIGN KEY (`decidedzone_id`) REFERENCES `bc_decidedzone` (`id`),
  CONSTRAINT `FKF7CA50CF898987BA` FOREIGN KEY (`region_id`) REFERENCES `bc_region` (`id`)
) ENGINE=InnoDB DEFAULT CHARSET=gbk;

/*Data for the table `bc_subarea` */

/*Table structure for table `qp_noticebill` */

DROP TABLE IF EXISTS `qp_noticebill`;

CREATE TABLE `qp_noticebill` (
  `id` varchar(64) NOT NULL,
  `user_id` varchar(64) DEFAULT NULL,
  `staff_id` varchar(32) DEFAULT NULL,
  `customer_id` varchar(64) DEFAULT NULL,
  `customer_name` varchar(20) DEFAULT NULL,
  `delegater` varchar(20) DEFAULT NULL,
  `telephone` varchar(20) DEFAULT NULL,
  `pickaddress` varchar(200) DEFAULT NULL,
  `arrivecity` varchar(20) DEFAULT NULL,
  `product` varchar(20) DEFAULT NULL,
  `pickdate` datetime DEFAULT NULL,
  `num` int(11) DEFAULT NULL,
  `weight` double DEFAULT NULL,
  `volume` varchar(20) DEFAULT NULL,
  `remark` varchar(255) DEFAULT NULL,
  `ordertype` varchar(20) DEFAULT NULL,
  PRIMARY KEY (`id`),
  KEY `FK9ACB1CFFE8FD645A` (`user_id`),
  KEY `FK9ACB1CFF943DCB3A` (`staff_id`),
  CONSTRAINT `FK9ACB1CFF943DCB3A` FOREIGN KEY (`staff_id`) REFERENCES `bc_staff` (`id`),
  CONSTRAINT `FK9ACB1CFFE8FD645A` FOREIGN KEY (`user_id`) REFERENCES `t_user` (`id`)
) ENGINE=InnoDB DEFAULT CHARSET=gbk;

/*Data for the table `qp_noticebill` */

/*Table structure for table `qp_workbill` */

DROP TABLE IF EXISTS `qp_workbill`;

CREATE TABLE `qp_workbill` (
  `id` varchar(64) NOT NULL,
  `noticebill_id` varchar(64) DEFAULT NULL,
  `staff_id` varchar(32) DEFAULT NULL,
  `type` varchar(20) DEFAULT NULL,
  `pickstate` varchar(20) DEFAULT NULL,
  `buildtime` datetime NOT NULL,
  `attachbilltimes` int(11) DEFAULT NULL,
  `remark` varchar(255) DEFAULT NULL,
  PRIMARY KEY (`id`),
  KEY `FKA09390B8943DCB3A` (`staff_id`),
  KEY `FKA09390B8688DBBDA` (`noticebill_id`),
  CONSTRAINT `FKA09390B8688DBBDA` FOREIGN KEY (`noticebill_id`) REFERENCES `qp_noticebill` (`id`),
  CONSTRAINT `FKA09390B8943DCB3A` FOREIGN KEY (`staff_id`) REFERENCES `bc_staff` (`id`)
) ENGINE=InnoDB DEFAULT CHARSET=gbk;

/*Data for the table `qp_workbill` */

/*Table structure for table `qp_workordermanage` */

DROP TABLE IF EXISTS `qp_workordermanage`;

CREATE TABLE `qp_workordermanage` (
  `id` varchar(64) NOT NULL,
  `arrivecity` varchar(20) DEFAULT NULL,
  `product` varchar(20) DEFAULT NULL,
  `num` int(11) DEFAULT NULL,
  `weight` double DEFAULT NULL,
  `floadreqr` varchar(255) DEFAULT NULL,
  `prodtimelimit` varchar(40) DEFAULT NULL,
  `prodtype` varchar(40) DEFAULT NULL,
  `sendername` varchar(20) DEFAULT NULL,
  `senderphone` varchar(20) DEFAULT NULL,
  `senderaddr` varchar(200) DEFAULT NULL,
  `receivername` varchar(20) DEFAULT NULL,
  `receiverphone` varchar(20) DEFAULT NULL,
  `receiveraddr` varchar(200) DEFAULT NULL,
  `feeitemnum` int(11) DEFAULT NULL,
  `actlweit` double DEFAULT NULL,
  `vol` varchar(20) DEFAULT NULL,
  `managerCheck` varchar(1) DEFAULT NULL,
  `updatetime` datetime DEFAULT NULL,
  `start` varchar(1) DEFAULT NULL,
  PRIMARY KEY (`id`)
) ENGINE=InnoDB DEFAULT CHARSET=gbk;

/*Data for the table `qp_workordermanage` */

insert  into `qp_workordermanage`(`id`,`arrivecity`,`product`,`num`,`weight`,`floadreqr`,`prodtimelimit`,`prodtype`,`sendername`,`senderphone`,`senderaddr`,`receivername`,`receiverphone`,`receiveraddr`,`feeitemnum`,`actlweit`,`vol`,`managerCheck`,`updatetime`,`start`) values ('8ac5995b6a6e4245016a6e43faaf0000','西安','电脑',2,10,'无',NULL,NULL,NULL,NULL,NULL,NULL,NULL,NULL,NULL,NULL,NULL,'0','2019-04-30 20:41:49','0'),('8ac5995b6a6e4245016a6e449fae0001','西安','电脑',2,2,'无',NULL,NULL,NULL,NULL,NULL,NULL,NULL,NULL,NULL,NULL,NULL,'0','2019-04-30 20:42:32','0'),('8ac5995b6a6e4245016a6e4710aa0002','北京','手机',1,1,'无',NULL,NULL,NULL,NULL,NULL,NULL,NULL,NULL,NULL,NULL,NULL,'0','2019-04-30 20:45:12','1'),('8ac5995b6a71359c016a713b73ea0000','厦门','手机',1,1,'无',NULL,NULL,NULL,NULL,NULL,NULL,NULL,NULL,NULL,NULL,NULL,'0','2019-05-01 10:31:22','1');

/*Table structure for table `role_function` */

DROP TABLE IF EXISTS `role_function`;

CREATE TABLE `role_function` (
  `function_id` varchar(64) NOT NULL,
  `role_id` varchar(64) NOT NULL,
  PRIMARY KEY (`role_id`,`function_id`),
  KEY `FK1589498143D2A07A` (`role_id`),
  KEY `FK15894981B20D0D3A` (`function_id`),
  CONSTRAINT `FK1589498143D2A07A` FOREIGN KEY (`role_id`) REFERENCES `auth_role` (`id`),
  CONSTRAINT `FK15894981B20D0D3A` FOREIGN KEY (`function_id`) REFERENCES `auth_function` (`id`)
) ENGINE=InnoDB DEFAULT CHARSET=gbk;

/*Data for the table `role_function` */

insert  into `role_function`(`function_id`,`role_id`) values ('11','8ac5995b6a6ddcc9016a6de262530000'),('112','8ac5995b6a6ddcc9016a6de262530000'),('113','8ac5995b6a6ddcc9016a6de262530000'),('114','8ac5995b6a6ddcc9016a6de262530000'),('115','8ac5995b6a6ddcc9016a6de262530000'),('116','8ac5995b6a6ddcc9016a6de262530000'),('12','8ac5995b6a6ddcc9016a6de262530000'),('121','8ac5995b6a6ddcc9016a6de262530000'),('122','8ac5995b6a6ddcc9016a6de262530000'),('124','8ac5995b6a6ddcc9016a6de262530000'),('14','8ac5995b6a6ddcc9016a6de262530000'),('141','8ac5995b6a6ddcc9016a6de262530000'),('142','8ac5995b6a6ddcc9016a6de262530000'),('143','8ac5995b6a6ddcc9016a6de262530000'),('13','8ac5995b6a6e0004016a6e00c40a0000'),('131','8ac5995b6a6e0004016a6e00c40a0000'),('132','8ac5995b6a6e0004016a6e00c40a0000'),('14','8ac5995b6a6e0004016a6e00c40a0000'),('141','8ac5995b6a6e0004016a6e00c40a0000'),('142','8ac5995b6a6e0004016a6e00c40a0000'),('143','8ac5995b6a6e0004016a6e00c40a0000'),('13','8ac5995b6a6e0004016a6e032fcd0001'),('131','8ac5995b6a6e0004016a6e032fcd0001'),('132','8ac5995b6a6e0004016a6e032fcd0001'),('14','8ac5995b6a6e0004016a6e032fcd0001'),('141','8ac5995b6a6e0004016a6e032fcd0001'),('142','8ac5995b6a6e0004016a6e032fcd0001'),('143','8ac5995b6a6e0004016a6e032fcd0001');

/*Table structure for table `t_user` */

DROP TABLE IF EXISTS `t_user`;

CREATE TABLE `t_user` (
  `id` varchar(64) NOT NULL,
  `username` varchar(20) NOT NULL,
  `password` varchar(32) NOT NULL,
  `salary` double DEFAULT NULL,
  `birthday` datetime DEFAULT NULL,
  `gender` varchar(10) DEFAULT NULL,
  `station` varchar(40) DEFAULT NULL,
  `telephone` varchar(11) DEFAULT NULL,
  `remark` varchar(255) DEFAULT NULL,
  PRIMARY KEY (`id`)
) ENGINE=InnoDB DEFAULT CHARSET=gbk;

/*Data for the table `t_user` */

insert  into `t_user`(`id`,`username`,`password`,`salary`,`birthday`,`gender`,`station`,`telephone`,`remark`) values ('1','admin','81dc9bdb52d04dc20036dbd8313ed055',NULL,NULL,NULL,NULL,NULL,NULL),('8ac5995b6a6e0d4c016a6e0e705a0000','user1','81dc9bdb52d04dc20036dbd8313ed055',666,'2019-04-03 00:00:00','男','总公司','18888888888',NULL),('8ac5995b6a6e0d4c016a6e0f27580001','user2','81dc9bdb52d04dc20036dbd8313ed055',888,'2019-04-17 00:00:00','男','','18888881234',NULL),('8ac5995b6a6e0d4c016a6e0fb42d0002','user3','81dc9bdb52d04dc20036dbd8313ed055',868,'2019-04-25 00:00:00','男','厅点','15874589632',NULL);

/*Table structure for table `user_role` */

DROP TABLE IF EXISTS `user_role`;

CREATE TABLE `user_role` (
  `role_id` varchar(64) NOT NULL,
  `user_id` varchar(64) NOT NULL,
  PRIMARY KEY (`user_id`,`role_id`),
  KEY `FK143BF46AE8FD645A` (`user_id`),
  KEY `FK143BF46A43D2A07A` (`role_id`),
  CONSTRAINT `FK143BF46A43D2A07A` FOREIGN KEY (`role_id`) REFERENCES `auth_role` (`id`),
  CONSTRAINT `FK143BF46AE8FD645A` FOREIGN KEY (`user_id`) REFERENCES `t_user` (`id`)
) ENGINE=InnoDB DEFAULT CHARSET=gbk;

/*Data for the table `user_role` */

insert  into `user_role`(`role_id`,`user_id`) values ('8ac5995b6a6ddcc9016a6de262530000','8ac5995b6a6e0d4c016a6e0e705a0000'),('8ac5995b6a6e0004016a6e00c40a0000','8ac5995b6a6e0d4c016a6e0f27580001'),('8ac5995b6a6e0004016a6e032fcd0001','8ac5995b6a6e0d4c016a6e0fb42d0002');

/*!40101 SET SQL_MODE=@OLD_SQL_MODE */;
/*!40014 SET FOREIGN_KEY_CHECKS=@OLD_FOREIGN_KEY_CHECKS */;
/*!40014 SET UNIQUE_CHECKS=@OLD_UNIQUE_CHECKS */;
/*!40111 SET SQL_NOTES=@OLD_SQL_NOTES */;
